PRAGMA foreign_keys=OFF;
BEGIN TRANSACTION;
CREATE TABLE IF NOT EXISTS "django_migrations" ("id" integer NOT NULL PRIMARY KEY AUTOINCREMENT, "app" varchar(255) NOT NULL, "name" varchar(255) NOT NULL, "applied" datetime NOT NULL);
INSERT INTO django_migrations VALUES(1,'contenttypes','0001_initial','2024-09-11 21:05:38.671663');
INSERT INTO django_migrations VALUES(2,'auth','0001_initial','2024-09-11 21:05:38.693824');
INSERT INTO django_migrations VALUES(3,'account','0001_initial','2024-09-11 21:05:38.710112');
INSERT INTO django_migrations VALUES(4,'account','0002_email_max_length','2024-09-11 21:05:38.720132');
INSERT INTO django_migrations VALUES(5,'account','0003_alter_emailaddress_create_unique_verified_email','2024-09-11 21:05:38.733321');
INSERT INTO django_migrations VALUES(6,'account','0004_alter_emailaddress_drop_unique_email','2024-09-11 21:05:38.744919');
INSERT INTO django_migrations VALUES(7,'account','0005_emailaddress_idx_upper_email','2024-09-11 21:05:38.754273');
INSERT INTO django_migrations VALUES(8,'account','0006_emailaddress_lower','2024-09-11 21:05:38.764745');
INSERT INTO django_migrations VALUES(9,'account','0007_emailaddress_idx_email','2024-09-11 21:05:38.781418');
INSERT INTO django_migrations VALUES(10,'account','0008_emailaddress_unique_primary_email_fixup','2024-09-11 21:05:38.791012');
INSERT INTO django_migrations VALUES(11,'account','0009_emailaddress_unique_primary_email','2024-09-11 21:05:38.799524');
INSERT INTO django_migrations VALUES(12,'admin','0001_initial','2024-09-11 21:05:38.813504');
INSERT INTO django_migrations VALUES(13,'admin','0002_logentry_remove_auto_add','2024-09-11 21:05:38.827541');
INSERT INTO django_migrations VALUES(14,'admin','0003_logentry_add_action_flag_choices','2024-09-11 21:05:38.835888');
INSERT INTO django_migrations VALUES(15,'contenttypes','0002_remove_content_type_name','2024-09-11 21:05:38.854673');
INSERT INTO django_migrations VALUES(16,'auth','0002_alter_permission_name_max_length','2024-09-11 21:05:38.866095');
INSERT INTO django_migrations VALUES(17,'auth','0003_alter_user_email_max_length','2024-09-11 21:05:38.877171');
INSERT INTO django_migrations VALUES(18,'auth','0004_alter_user_username_opts','2024-09-11 21:05:38.885929');
INSERT INTO django_migrations VALUES(19,'auth','0005_alter_user_last_login_null','2024-09-11 21:05:38.896368');
INSERT INTO django_migrations VALUES(20,'auth','0006_require_contenttypes_0002','2024-09-11 21:05:38.898169');
INSERT INTO django_migrations VALUES(21,'auth','0007_alter_validators_add_error_messages','2024-09-11 21:05:38.907802');
INSERT INTO django_migrations VALUES(22,'auth','0008_alter_user_username_max_length','2024-09-11 21:05:38.918615');
INSERT INTO django_migrations VALUES(23,'auth','0009_alter_user_last_name_max_length','2024-09-11 21:05:38.929115');
INSERT INTO django_migrations VALUES(24,'auth','0010_alter_group_name_max_length','2024-09-11 21:05:38.942089');
INSERT INTO django_migrations VALUES(25,'auth','0011_update_proxy_permissions','2024-09-11 21:05:38.950370');
INSERT INTO django_migrations VALUES(26,'auth','0012_alter_user_first_name_max_length','2024-09-11 21:05:38.960544');
INSERT INTO django_migrations VALUES(27,'profiles','0001_initial','2024-09-11 21:05:38.970300');
INSERT INTO django_migrations VALUES(28,'products','0001_initial','2024-09-11 21:05:38.976693');
INSERT INTO django_migrations VALUES(29,'products','0002_alter_category_options','2024-09-11 21:05:38.980122');
INSERT INTO django_migrations VALUES(30,'checkout','0001_initial','2024-09-11 21:05:38.989876');
INSERT INTO django_migrations VALUES(31,'checkout','0002_rename_order_line_item_orderlineitem_order_email','2024-09-11 21:05:39.033070');
INSERT INTO django_migrations VALUES(32,'checkout','0003_order_user_profile_alter_order_country','2024-09-11 21:05:39.068667');
INSERT INTO django_migrations VALUES(33,'checkout','0004_alter_order_grand_total_alter_order_order_reference_and_more','2024-09-11 21:05:39.098311');
INSERT INTO django_migrations VALUES(34,'sessions','0001_initial','2024-09-11 21:05:39.104190');
INSERT INTO django_migrations VALUES(35,'sites','0001_initial','2024-09-11 21:05:39.110048');
INSERT INTO django_migrations VALUES(36,'sites','0002_alter_domain_unique','2024-09-11 21:05:39.115718');
INSERT INTO django_migrations VALUES(37,'socialaccount','0001_initial','2024-09-11 21:05:39.222292');
INSERT INTO django_migrations VALUES(38,'socialaccount','0002_token_max_lengths','2024-09-11 21:05:39.251709');
INSERT INTO django_migrations VALUES(39,'socialaccount','0003_extra_data_default_dict','2024-09-11 21:05:39.263148');
INSERT INTO django_migrations VALUES(40,'socialaccount','0004_app_provider_id_settings','2024-09-11 21:05:39.293385');
INSERT INTO django_migrations VALUES(41,'socialaccount','0005_socialtoken_nullable_app','2024-09-11 21:05:39.314072');
INSERT INTO django_migrations VALUES(42,'socialaccount','0006_alter_socialaccount_extra_data','2024-09-11 21:05:39.331064');
INSERT INTO django_migrations VALUES(43,'wishlist','0001_initial','2024-09-13 23:01:16.412387');
INSERT INTO django_migrations VALUES(44,'checkout','0005_order_carbon_fp_total_order_carbon_saved_total_and_more','2024-10-04 04:46:27.469092');
INSERT INTO django_migrations VALUES(45,'checkout','0006_remove_order_carbon_fp_total_and_more','2024-10-04 04:46:27.493594');
INSERT INTO django_migrations VALUES(46,'checkout','0007_rename_product_size_orderlineitem_product_colour','2024-10-04 04:46:27.502987');
INSERT INTO django_migrations VALUES(47,'checkout','0008_alter_orderlineitem_product_colour','2024-10-04 04:58:27.819553');
INSERT INTO django_migrations VALUES(48,'checkout','0002_alter_order_order_reference','2024-10-04 13:42:14.136711');
INSERT INTO django_migrations VALUES(49,'checkout','0003_alter_order_order_reference','2024-10-04 14:15:11.050128');
CREATE TABLE IF NOT EXISTS "auth_group_permissions" ("id" integer NOT NULL PRIMARY KEY AUTOINCREMENT, "group_id" integer NOT NULL REFERENCES "auth_group" ("id") DEFERRABLE INITIALLY DEFERRED, "permission_id" integer NOT NULL REFERENCES "auth_permission" ("id") DEFERRABLE INITIALLY DEFERRED);
CREATE TABLE IF NOT EXISTS "auth_user_groups" ("id" integer NOT NULL PRIMARY KEY AUTOINCREMENT, "user_id" integer NOT NULL REFERENCES "auth_user" ("id") DEFERRABLE INITIALLY DEFERRED, "group_id" integer NOT NULL REFERENCES "auth_group" ("id") DEFERRABLE INITIALLY DEFERRED);
CREATE TABLE IF NOT EXISTS "auth_user_user_permissions" ("id" integer NOT NULL PRIMARY KEY AUTOINCREMENT, "user_id" integer NOT NULL REFERENCES "auth_user" ("id") DEFERRABLE INITIALLY DEFERRED, "permission_id" integer NOT NULL REFERENCES "auth_permission" ("id") DEFERRABLE INITIALLY DEFERRED);
CREATE TABLE IF NOT EXISTS "account_emailconfirmation" ("id" integer NOT NULL PRIMARY KEY AUTOINCREMENT, "created" datetime NOT NULL, "sent" datetime NULL, "key" varchar(64) NOT NULL UNIQUE, "email_address_id" integer NOT NULL REFERENCES "account_emailaddress" ("id") DEFERRABLE INITIALLY DEFERRED);
CREATE TABLE IF NOT EXISTS "account_emailaddress" ("id" integer NOT NULL PRIMARY KEY AUTOINCREMENT, "verified" bool NOT NULL, "primary" bool NOT NULL, "user_id" integer NOT NULL REFERENCES "auth_user" ("id") DEFERRABLE INITIALLY DEFERRED, "email" varchar(254) NOT NULL);
INSERT INTO account_emailaddress VALUES(2,1,1,1,'george.okwori@outlook.com');
INSERT INTO account_emailaddress VALUES(3,0,1,3,'tapedalat.musohifo@jollyfree.com');
CREATE TABLE IF NOT EXISTS "django_admin_log" ("id" integer NOT NULL PRIMARY KEY AUTOINCREMENT, "object_id" text NULL, "object_repr" varchar(200) NOT NULL, "action_flag" smallint unsigned NOT NULL CHECK ("action_flag" >= 0), "change_message" text NOT NULL, "content_type_id" integer NULL REFERENCES "django_content_type" ("id") DEFERRABLE INITIALLY DEFERRED, "user_id" integer NOT NULL REFERENCES "auth_user" ("id") DEFERRABLE INITIALLY DEFERRED, "action_time" datetime NOT NULL);
INSERT INTO django_admin_log VALUES(1,'2','WSSXSXSXSXS',3,'',4,1,'2024-09-12 00:48:15.967000');
INSERT INTO django_admin_log VALUES(2,'2','george.okwori@outlook.com',2,'[{"changed": {"fields": ["Verified", "Primary"]}}]',8,1,'2024-09-12 01:11:24.934000');
INSERT INTO django_admin_log VALUES(3,'1','Arizona Original Bootcut Jeans',3,'',14,1,'2024-09-15 15:10:34.945000');
INSERT INTO django_admin_log VALUES(4,'2','Liz Claiborne Audra Classic Fit Straight Leg Pants',3,'',14,1,'2024-09-15 15:10:34.952000');
INSERT INTO django_admin_log VALUES(5,'3','Royal Velvet Matte Satin Square 3-pc. Coverlet Set',3,'',14,1,'2024-09-15 15:10:34.953000');
INSERT INTO django_admin_log VALUES(6,'4','Gibson Infinite Glaze 16-pc. Dinnerware Set',3,'',14,1,'2024-09-15 15:10:34.956000');
INSERT INTO django_admin_log VALUES(7,'5','Simply Calphalon Enameled Cast Iron Panini Pan',3,'',14,1,'2024-09-15 15:10:34.957000');
INSERT INTO django_admin_log VALUES(8,'6','The Foundry Supply Co. Solid Pocket TeeBig & Tall',3,'',14,1,'2024-09-15 15:10:34.959000');
INSERT INTO django_admin_log VALUES(9,'7','Liz Claiborne Classic Sophie Secretly Slender Trouser Leg Pants - Plus',3,'',14,1,'2024-09-15 15:10:34.960000');
INSERT INTO django_admin_log VALUES(10,'8','Rachael Ray Ceramic Olive Oil Dispenser',3,'',14,1,'2024-09-15 15:10:34.962000');
INSERT INTO django_admin_log VALUES(11,'9','Protech Performance Sheet Set',3,'',14,1,'2024-09-15 15:10:34.963000');
INSERT INTO django_admin_log VALUES(12,'10','Reflections Set of 4 Microfiber Napkins',3,'',14,1,'2024-09-15 15:10:34.965000');
INSERT INTO django_admin_log VALUES(13,'11','Chef Designs Black-Trimmed Cook ShirtBig & Tall',3,'',14,1,'2024-09-15 15:10:34.966000');
INSERT INTO django_admin_log VALUES(14,'12','Nike 3-pk. Performance Crew Socks - Boys',3,'',14,1,'2024-09-15 15:10:34.968000');
INSERT INTO django_admin_log VALUES(15,'13','Champion Jersey Tee',3,'',14,1,'2024-09-15 15:10:34.969000');
INSERT INTO django_admin_log VALUES(16,'14','Stafford 4-pk. Blended Cotton A-Shirts',3,'',14,1,'2024-09-15 15:10:34.971000');
INSERT INTO django_admin_log VALUES(17,'15','Stafford 4-pk. Heavyweight Crewneck T-ShirtsBig & Tall',3,'',14,1,'2024-09-15 15:10:34.972000');
INSERT INTO django_admin_log VALUES(18,'16','Levi''s 529 Curvy Bootcut Jeans',3,'',14,1,'2024-09-15 15:10:34.974000');
INSERT INTO django_admin_log VALUES(19,'17','Worthington Essential Short-Sleeve Tee - Plus',3,'',14,1,'2024-09-15 15:10:34.975000');
INSERT INTO django_admin_log VALUES(20,'18','Marvel Comics Avengers Hulk Pillow Buddy',3,'',14,1,'2024-09-15 15:10:34.977000');
INSERT INTO django_admin_log VALUES(21,'19','Marvel Spiderman Pillow Buddy',3,'',14,1,'2024-09-15 15:10:34.978000');
INSERT INTO django_admin_log VALUES(22,'20','JCPenney Home Oven Mitt',3,'',14,1,'2024-09-15 15:10:34.980000');
INSERT INTO django_admin_log VALUES(23,'21','Farberware Sonoma 2-qt. Whistling Tea Kettle',3,'',14,1,'2024-09-15 15:10:34.981000');
INSERT INTO django_admin_log VALUES(24,'22','Silver Superman Shield Cufflinks',3,'',14,1,'2024-09-15 15:10:34.983000');
INSERT INTO django_admin_log VALUES(25,'23','Dickies Heavyweight Long-Sleeve Pocket Tee',3,'',14,1,'2024-09-15 15:10:34.985000');
INSERT INTO django_admin_log VALUES(26,'24','Royal Velvet Down Chamber Pillow',3,'',14,1,'2024-09-15 15:10:34.986000');
INSERT INTO django_admin_log VALUES(27,'25','Dickies Heavyweight Fleece Full Zip HoodieBig & Tall',3,'',14,1,'2024-09-15 15:10:34.988000');
INSERT INTO django_admin_log VALUES(28,'26','JCPenney Home Ashley Scalloped Stoneware 50-pc. Dinnerware Set - Service for 8',3,'',14,1,'2024-09-15 15:10:34.989000');
INSERT INTO django_admin_log VALUES(29,'27','Rachael Ray Porcelain II 10-pc. Cookware Set',3,'',14,1,'2024-09-15 15:10:34.991000');
INSERT INTO django_admin_log VALUES(30,'28','Hanes 3pk. Cotton Crewneck TShirts  Big & Tall',3,'',14,1,'2024-09-15 15:10:34.993000');
INSERT INTO django_admin_log VALUES(31,'29','Chenille Lines Bath Rug Collection',3,'',14,1,'2024-09-15 15:10:34.994000');
INSERT INTO django_admin_log VALUES(32,'30','Home Expressions Jacobean Stripe Oblong Decorative Pillow',3,'',14,1,'2024-09-15 15:10:34.996000');
INSERT INTO django_admin_log VALUES(33,'31','Armitron Now Womens Crystal-Accent White Leather Strap Watch',3,'',14,1,'2024-09-15 15:10:34.997000');
INSERT INTO django_admin_log VALUES(34,'32','Nike NA Swoosh Dri-FIT Cotton Tee',3,'',14,1,'2024-09-15 15:10:34.999000');
INSERT INTO django_admin_log VALUES(35,'33','Liz Claiborne 300tc Liquid Cotton Set of 2 Pillowcases',3,'',14,1,'2024-09-15 15:10:35');
INSERT INTO django_admin_log VALUES(36,'34','Stafford Year-Round Pleated PantsBig & Tall',3,'',14,1,'2024-09-15 15:10:35.002000');
INSERT INTO django_admin_log VALUES(37,'35','Arizona Super-Skinny Jeans',3,'',14,1,'2024-09-15 15:10:35.003000');
INSERT INTO django_admin_log VALUES(38,'36','Nike 3-pk. Dri-FIT Fly Rise Crew Socks',3,'',14,1,'2024-09-15 15:10:35.005000');
INSERT INTO django_admin_log VALUES(39,'37','Royal Velvet Egyptian Cotton Solid Bath Towels',3,'',14,1,'2024-09-15 15:10:35.006000');
INSERT INTO django_admin_log VALUES(40,'38','Levinsohn Master Block All-In-One Mattress Protector',3,'',14,1,'2024-09-15 15:10:35.008000');
INSERT INTO django_admin_log VALUES(41,'39','Home Expressions Microfiber Twin XL Sheet Set',3,'',14,1,'2024-09-15 15:10:35.009000');
INSERT INTO django_admin_log VALUES(42,'40','Cake Boss Powdered Sugar Shaker with Lid',3,'',14,1,'2024-09-15 15:10:35.011000');
INSERT INTO django_admin_log VALUES(43,'41','Cake Boss Set of 2 Silicone Baking Mats',3,'',14,1,'2024-09-15 15:10:35.012000');
INSERT INTO django_admin_log VALUES(44,'42','Corelle Livingware 16-pc. Dinnerware Set',3,'',14,1,'2024-09-15 15:10:35.013000');
INSERT INTO django_admin_log VALUES(45,'43','Cuisinart Round Classic Waffle Maker',3,'',14,1,'2024-09-15 15:10:35.015000');
INSERT INTO django_admin_log VALUES(46,'44','The Foundry Supply Co. Quick-Dri PoloBig & Tall',3,'',14,1,'2024-09-15 15:10:35.017000');
INSERT INTO django_admin_log VALUES(47,'45','JCPenney Home Ultra Soft Micro Fleece Blanket',3,'',14,1,'2024-09-15 15:10:35.019000');
INSERT INTO django_admin_log VALUES(48,'46','Cottonloft Natural Cotton Blanket',3,'',14,1,'2024-09-15 15:10:35.020000');
INSERT INTO django_admin_log VALUES(49,'47','Konitz Dots and Stripes Set of 2 Bone China Mugs',3,'',14,1,'2024-09-15 15:10:35.022000');
INSERT INTO django_admin_log VALUES(50,'48','Jacques Mort 2-pk. Short-Sleeve Leotard - Girls',3,'',14,1,'2024-09-15 15:10:35.023000');
INSERT INTO django_admin_log VALUES(51,'49','Disney Cars McQueen Pillow Buddy',3,'',14,1,'2024-09-15 15:10:35.025000');
INSERT INTO django_admin_log VALUES(52,'50','Dockers Long-Sleeve No-Wrinkle Woven Shirt',3,'',14,1,'2024-09-15 15:10:35.026000');
INSERT INTO django_admin_log VALUES(53,'51','Stylus Short-Sleeve V-Neck Slub Tee - Plus',3,'',14,1,'2024-09-15 15:10:35.028000');
INSERT INTO django_admin_log VALUES(54,'52','Philips Airfryer Grill Pan',3,'',14,1,'2024-09-15 15:10:35.029000');
INSERT INTO django_admin_log VALUES(55,'53','Claiborne Short-Sleeve Woven Shirt',3,'',14,1,'2024-09-15 15:10:35.031000');
INSERT INTO django_admin_log VALUES(56,'54','adidas Adilogo Shock Energy Tee',3,'',14,1,'2024-09-15 15:10:35.032000');
INSERT INTO django_admin_log VALUES(57,'55','adidas climacool Boxer Briefs',3,'',14,1,'2024-09-15 15:10:35.033000');
INSERT INTO django_admin_log VALUES(58,'56','Stylus Slim Straight-Leg Jeans - Plus',3,'',14,1,'2024-09-15 15:10:35.035000');
INSERT INTO django_admin_log VALUES(59,'57','Worthington Sateen Cropped Pants - Petite',3,'',14,1,'2024-09-15 15:10:35.036000');
INSERT INTO django_admin_log VALUES(60,'58','Madison Park Essentials Concord Reversible Complete Bedding Set with Sheets',3,'',14,1,'2024-09-15 15:10:35.038000');
INSERT INTO django_admin_log VALUES(61,'59','Keurig K250 2.0 Compact Brewer',3,'',14,1,'2024-09-15 15:10:35.039000');
INSERT INTO django_admin_log VALUES(62,'60','Wrangler Reserve Authentic Relaxed-Fit Jeans-Big & Tall',3,'',14,1,'2024-09-15 15:10:35.041000');
INSERT INTO django_admin_log VALUES(63,'61','Eva Longoria Home Solana 4-pc. Comforter Set',3,'',14,1,'2024-09-15 15:10:35.042000');
INSERT INTO django_admin_log VALUES(64,'62','Carter''s 4-pc. Take Me Home Set - Baby Boys preemie-6m',3,'',14,1,'2024-09-15 15:10:35.043000');
INSERT INTO django_admin_log VALUES(65,'63','Pfaltzgraff Everyday Sandy Shore 16-pc. Dinnerware Set',3,'',14,1,'2024-09-15 15:10:35.045000');
INSERT INTO django_admin_log VALUES(66,'64','Arizona Graphic Tee - Boys 8-20 and Husky',3,'',14,1,'2024-09-15 15:10:35.046000');
INSERT INTO django_admin_log VALUES(67,'65','Armitron Now Womens Crystal-Accent White Leather Strap Watch',3,'',14,1,'2024-09-15 15:10:35.048000');
INSERT INTO django_admin_log VALUES(68,'66','Nike Air Sickness Graphic Tee',3,'',14,1,'2024-09-15 15:10:35.049000');
INSERT INTO django_admin_log VALUES(69,'67','Claiborne Long-Sleeve Linen Shirt',3,'',14,1,'2024-09-15 15:10:35.051000');
INSERT INTO django_admin_log VALUES(70,'68','Arizona Bootcut Jeans',3,'',14,1,'2024-09-15 15:10:35.052000');
INSERT INTO django_admin_log VALUES(71,'69','Home Expressions Microfiber Twin XL Sheet Set',3,'',14,1,'2024-09-15 15:10:35.054000');
INSERT INTO django_admin_log VALUES(72,'70','Isotonic Iso-Cool Memory Foam Contour Pillow',3,'',14,1,'2024-09-15 15:10:35.055000');
INSERT INTO django_admin_log VALUES(73,'71','totes Tracey Womens Cold-Weather Boots',3,'',14,1,'2024-09-15 15:10:35.057000');
INSERT INTO django_admin_log VALUES(74,'72','Love Indigo Wing Back Flap Pocket Jeans',3,'',14,1,'2024-09-15 15:10:35.058000');
INSERT INTO django_admin_log VALUES(75,'73','Love Indigo Embroidered Back Pocket Jeans',3,'',14,1,'2024-09-15 15:10:35.060000');
INSERT INTO django_admin_log VALUES(76,'74','Love Indigo Cross Back Flap Pocket Jeans',3,'',14,1,'2024-09-15 15:10:35.061000');
INSERT INTO django_admin_log VALUES(77,'75','Arizona Ankle-Zip Jeggings',3,'',14,1,'2024-09-15 15:10:35.063000');
INSERT INTO django_admin_log VALUES(78,'76','Vanilla Star Embellished Skinny Jeans - Girls 7-16 and Plus',3,'',14,1,'2024-09-15 15:10:35.064000');
INSERT INTO django_admin_log VALUES(79,'77','Worthington 3/4-Sleeve Button-Front Oxford Shirt - Petite',3,'',14,1,'2024-09-15 15:10:35.066000');
INSERT INTO django_admin_log VALUES(80,'78','a.n.a Skinny Jeans',3,'',14,1,'2024-09-15 15:10:35.067000');
INSERT INTO django_admin_log VALUES(81,'79','a.n.a Bootcut Jeans',3,'',14,1,'2024-09-15 15:10:35.069000');
INSERT INTO django_admin_log VALUES(82,'80','Levi''s Houlihan Short-Sleeve Logo Tee',3,'',14,1,'2024-09-15 15:10:35.071000');
INSERT INTO django_admin_log VALUES(83,'81','a.n.a Jeggings - Plus',3,'',14,1,'2024-09-15 15:10:35.072000');
INSERT INTO django_admin_log VALUES(84,'82','Nike Therma-FIT Pullover Hoodie - Boys 8-20',3,'',14,1,'2024-09-15 15:10:35.074000');
INSERT INTO django_admin_log VALUES(85,'83','Disney Collection Frozen Elsa Graphic Tee - Girls 2-12',3,'',14,1,'2024-09-15 15:10:35.075000');
INSERT INTO django_admin_log VALUES(86,'84','Dickies Short-Sleeve Performance Polo',3,'',14,1,'2024-09-15 15:10:35.077000');
INSERT INTO django_admin_log VALUES(87,'85','Sunbeam Comfy Toes Microplush Heated Throw',3,'',14,1,'2024-09-15 15:10:35.078000');
INSERT INTO django_admin_log VALUES(88,'86','Madison Park Lavinia 6-pc. Quilted Coverlet Set',3,'',14,1,'2024-09-15 15:10:35.080000');
INSERT INTO django_admin_log VALUES(89,'87','Xersion Quick-Dri Performance Bootcut Pant - Short',3,'',14,1,'2024-09-15 15:10:35.081000');
INSERT INTO django_admin_log VALUES(90,'88','Lugz Empire Hi Mens Water-Resistant Hiking Boots',3,'',14,1,'2024-09-15 15:10:35.083000');
INSERT INTO django_admin_log VALUES(91,'89','Made For Life Mesh Jacket - Plus',3,'',14,1,'2024-09-15 15:10:35.084000');
INSERT INTO django_admin_log VALUES(92,'90','Stafford Travel Brown Check Suit Jacket - Classic Fit',3,'',14,1,'2024-09-15 15:10:35.086000');
INSERT INTO django_admin_log VALUES(93,'91','Arizona Raglan-Sleeve Thermal Pullover',3,'',14,1,'2024-09-15 15:10:35.087000');
INSERT INTO django_admin_log VALUES(94,'92','Made For Life Long-Sleeve Flyaway Cardigan',3,'',14,1,'2024-09-15 15:10:35.088000');
INSERT INTO django_admin_log VALUES(95,'93','Stafford Flannel Pajama Set - Big & Tall',3,'',14,1,'2024-09-15 15:10:35.090000');
INSERT INTO django_admin_log VALUES(96,'94','Arizona Flannel Shirt - Preschool Boys 4-7',3,'',14,1,'2024-09-15 15:10:35.092000');
INSERT INTO django_admin_log VALUES(97,'95','Vieste Green Stone Statement Necklace',3,'',14,1,'2024-09-15 15:10:35.093000');
INSERT INTO django_admin_log VALUES(98,'96','Bonnie Jean Plaid Dress and Cardigan - Girls Plus',3,'',14,1,'2024-09-15 15:10:35.095000');
INSERT INTO django_admin_log VALUES(99,'97','Arizona Quilted Sweatshirt - Toddler Girls 2t-5t',3,'',14,1,'2024-09-15 15:10:35.096000');
INSERT INTO django_admin_log VALUES(100,'98','Arlee Jada Plaid Set of 4 Placemats',3,'',14,1,'2024-09-15 15:10:35.098000');
INSERT INTO django_admin_log VALUES(101,'99','St. John''s Bay Short-Sleeve Polo Shirt - Plus',3,'',14,1,'2024-09-15 15:10:35.099000');
INSERT INTO django_admin_log VALUES(102,'100','Stylus Crossover Ankle Pants',3,'',14,1,'2024-09-15 15:10:35.101000');
INSERT INTO django_admin_log VALUES(103,'9','shirts',3,'',13,1,'2024-09-15 15:11:01.272000');
INSERT INTO django_admin_log VALUES(104,'8','new_arrivals',3,'',13,1,'2024-09-15 15:11:01.274000');
INSERT INTO django_admin_log VALUES(105,'7','kitchen_dining',3,'',13,1,'2024-09-15 15:11:01.275000');
INSERT INTO django_admin_log VALUES(106,'6','jeans',3,'',13,1,'2024-09-15 15:11:01.279000');
INSERT INTO django_admin_log VALUES(107,'5','essentials',3,'',13,1,'2024-09-15 15:11:01.281000');
INSERT INTO django_admin_log VALUES(108,'4','deals',3,'',13,1,'2024-09-15 15:11:01.283000');
INSERT INTO django_admin_log VALUES(109,'3','clearance',3,'',13,1,'2024-09-15 15:11:01.284000');
INSERT INTO django_admin_log VALUES(110,'2','bed_bath',3,'',13,1,'2024-09-15 15:11:01.285000');
INSERT INTO django_admin_log VALUES(111,'1','activewear',3,'',13,1,'2024-09-15 15:11:01.287000');
INSERT INTO django_admin_log VALUES(112,'101','Stafford Non-Iron Cotton Oxford Dress Shirt - Big & Tall',3,'',14,1,'2024-09-15 15:11:35.404000');
INSERT INTO django_admin_log VALUES(113,'102','a.n.a Long-Sleeve Colorblock Sweater',3,'',14,1,'2024-09-15 15:11:35.407000');
INSERT INTO django_admin_log VALUES(114,'103','Stafford Travel Short-Sleeve Easy-Care Broadcloth Dress Shirt - Big & Tall',3,'',14,1,'2024-09-15 15:11:35.408000');
INSERT INTO django_admin_log VALUES(115,'104','Gloria Vanderbilt Amanda Jeans - Plus',3,'',14,1,'2024-09-15 15:11:35.411000');
INSERT INTO django_admin_log VALUES(116,'105','Made For Life Polar Fleece Vest',3,'',14,1,'2024-09-15 15:11:35.413000');
INSERT INTO django_admin_log VALUES(117,'106','Frank and Lulu Holland Park Comforter Set',3,'',14,1,'2024-09-15 15:11:35.415000');
INSERT INTO django_admin_log VALUES(118,'107','Frank and Lulu Layne Sheet Set',3,'',14,1,'2024-09-15 15:11:35.416000');
INSERT INTO django_admin_log VALUES(119,'108','Jamaica Bay Printed Micro Volley Swim Trunks',3,'',14,1,'2024-09-15 15:11:35.418000');
INSERT INTO django_admin_log VALUES(120,'109','Arizona Raglan Henley Tee - Boys 8-20',3,'',14,1,'2024-09-15 15:11:35.419000');
INSERT INTO django_admin_log VALUES(121,'110','Brooklyn Xpress Fleece Jogger Pants',3,'',14,1,'2024-09-15 15:11:35.421000');
INSERT INTO django_admin_log VALUES(122,'111','Bob Marely 1976 T-Shirt',3,'',14,1,'2024-09-15 15:11:35.423000');
INSERT INTO django_admin_log VALUES(123,'112','Diamond 24-pc. Bath Towel Set',3,'',14,1,'2024-09-15 15:11:35.424000');
INSERT INTO django_admin_log VALUES(124,'113','Arizona Raglan T-Shirt',3,'',14,1,'2024-09-15 15:11:35.426000');
INSERT INTO django_admin_log VALUES(125,'114','Arizona Pocket T-Shirt',3,'',14,1,'2024-09-15 15:11:35.427000');
INSERT INTO django_admin_log VALUES(126,'115','Liz Claiborne City-Fit Skinny Jeans - Plus',3,'',14,1,'2024-09-15 15:11:35.429000');
INSERT INTO django_admin_log VALUES(127,'116','Nike Dri-FIT Base Layer Tights',3,'',14,1,'2024-09-15 15:11:35.431000');
INSERT INTO django_admin_log VALUES(128,'117','Clarks Lexi Alloy Slide Strap Sandals',3,'',14,1,'2024-09-15 15:11:35.432000');
INSERT INTO django_admin_log VALUES(129,'118','Liz Claiborne Long-Sleeve V-Neck Striped Tunic',3,'',14,1,'2024-09-15 15:11:35.434000');
INSERT INTO django_admin_log VALUES(130,'119','Xersion Colorblock Yoga Shorts - Girls 7-16 and Plus',3,'',14,1,'2024-09-15 15:11:35.436000');
INSERT INTO django_admin_log VALUES(131,'120','Vans Zone Bluts Short-Sleeve T-Shirt',3,'',14,1,'2024-09-15 15:11:35.438000');
INSERT INTO django_admin_log VALUES(132,'121','Xersion Short-Sleeve V-Neck Graphic Tee - Girls 7-16 and Plus',3,'',14,1,'2024-09-15 15:11:35.440000');
INSERT INTO django_admin_log VALUES(133,'122','St. John''s Bay Short-Sleeve V-Neck T-Shirt',3,'',14,1,'2024-09-15 15:11:35.441000');
INSERT INTO django_admin_log VALUES(134,'123','Alfred Dunner Denim Capris',3,'',14,1,'2024-09-15 15:11:35.443000');
INSERT INTO django_admin_log VALUES(135,'124','Worthington Short-Sleeve Scoopneck T-Shirt - Tall',3,'',14,1,'2024-09-15 15:11:35.445000');
INSERT INTO django_admin_log VALUES(136,'125','Stylus Flare Jeans',3,'',14,1,'2024-09-15 15:11:35.446000');
INSERT INTO django_admin_log VALUES(137,'126','Marmellata Sleeveless Dotted Dress - Preschool Girls 4-6x',3,'',14,1,'2024-09-15 15:11:35.448000');
INSERT INTO django_admin_log VALUES(138,'127','Levi''s 527 Bootcut Jeans - Boys 8-20, Slim and Husky',3,'',14,1,'2024-09-15 15:11:35.450000');
INSERT INTO django_admin_log VALUES(139,'128','Mixit Whitney Leggings - Tall',3,'',14,1,'2024-09-15 15:11:35.451000');
INSERT INTO django_admin_log VALUES(140,'129','Mixit Side Flower Jelly Strap Sandals',3,'',14,1,'2024-09-15 15:11:35.453000');
INSERT INTO django_admin_log VALUES(141,'130','Arizona Racerback Tank - Juniors Plus',3,'',14,1,'2024-09-15 15:11:35.455000');
INSERT INTO django_admin_log VALUES(142,'131','St. John''s Bay Long-Sleeve Camp Shirt',3,'',14,1,'2024-09-15 15:11:35.456000');
INSERT INTO django_admin_log VALUES(143,'132','Alfred Dunner Essential Pull On Capri Pant',3,'',14,1,'2024-09-15 15:11:35.458000');
INSERT INTO django_admin_log VALUES(144,'133','Worthington Tipped Envelope Skirt - Tall',3,'',14,1,'2024-09-15 15:11:35.460000');
INSERT INTO django_admin_log VALUES(145,'134','Stylus Destructed Roll-Cuff Boyfriend Crop Jeans',3,'',14,1,'2024-09-15 15:11:35.461000');
INSERT INTO django_admin_log VALUES(146,'135','a.n.a Roll-Cuff Skinny Ankle Jeans',3,'',14,1,'2024-09-15 15:11:35.463000');
INSERT INTO django_admin_log VALUES(147,'136','Bounce Comfort Plush Memory Foam Chenille Bath Mats',3,'',14,1,'2024-09-15 15:11:35.465000');
INSERT INTO django_admin_log VALUES(148,'137','Disney Minnie Mouse Girls Athletic Shoes - Toddler',3,'',14,1,'2024-09-15 15:11:35.466000');
INSERT INTO django_admin_log VALUES(149,'138','Worthington 3/4-Sleeve Open-Front Cardigan Sweater',3,'',14,1,'2024-09-15 15:11:35.468000');
INSERT INTO django_admin_log VALUES(150,'139','Champion Vapor Muscle Tank - Plus',3,'',14,1,'2024-09-15 15:11:35.470000');
INSERT INTO django_admin_log VALUES(151,'142','Xersion Mesh-Back Tank Top - Plus',3,'',14,1,'2024-09-15 15:11:35.471000');
INSERT INTO django_admin_log VALUES(152,'143','Arizona Cropped Jeans with Belt - Girls 7-16 and Plus',3,'',14,1,'2024-09-15 15:11:35.473000');
INSERT INTO django_admin_log VALUES(153,'144','Liz Claiborne City-Fit 5-Pocket Flared Cropped Jeans - Tall',3,'',14,1,'2024-09-15 15:11:35.475000');
INSERT INTO django_admin_log VALUES(154,'145','Presto Pizzazz Plus Rotating Oven',3,'',14,1,'2024-09-15 15:11:35.476000');
INSERT INTO django_admin_log VALUES(155,'146','Rachael Ray 10-pc. Hard-Anodized Cookware Set',3,'',14,1,'2024-09-15 15:11:35.478000');
INSERT INTO django_admin_log VALUES(156,'147','Island Shores Short-Sleeve Printed Camp Shirt',3,'',14,1,'2024-09-15 15:11:35.480000');
INSERT INTO django_admin_log VALUES(157,'148','Black+Decker Stainless Steel Rapid 2-Slice Toaster',3,'',14,1,'2024-09-15 15:11:35.481000');
INSERT INTO django_admin_log VALUES(158,'149','Stylus Linen Crop Pants',3,'',14,1,'2024-09-15 15:11:35.484000');
INSERT INTO django_admin_log VALUES(159,'150','Carter''s Short-Sleeve Shark Tee - Preschool Boys 4-7',3,'',14,1,'2024-09-15 15:11:35.486000');
INSERT INTO django_admin_log VALUES(160,'151','Made for Life Secretly Slender Capri Leggings - Plus',3,'',14,1,'2024-09-15 15:11:35.488000');
INSERT INTO django_admin_log VALUES(161,'152','Arizona Raw-Edge Denim Bermuda Shorts - Juniors Plus',3,'',14,1,'2024-09-15 15:11:35.490000');
INSERT INTO django_admin_log VALUES(162,'153','Made For Life Short-Sleeve Print V-Neck Mesh T-Shirt - Tall',3,'',14,1,'2024-09-15 15:11:35.492000');
INSERT INTO django_admin_log VALUES(163,'154','Dockers Signature Classic-Fit Flat-Front Pants',3,'',14,1,'2024-09-15 15:11:35.493000');
INSERT INTO django_admin_log VALUES(164,'155','Stylus Long-Sleeve Back-Pleat Oversized Shirt- Petite',3,'',14,1,'2024-09-15 15:11:35.495000');
INSERT INTO django_admin_log VALUES(165,'156','Graham & Co. Dress Shirt, Tie and Pre-Tied Bow Tie',3,'',14,1,'2024-09-15 15:11:35.497000');
INSERT INTO django_admin_log VALUES(166,'157','Arizona Flex Skinny Jeans',3,'',14,1,'2024-09-15 15:11:35.499000');
INSERT INTO django_admin_log VALUES(167,'158','Worthington Embroidered Tank Top - Tall',3,'',14,1,'2024-09-15 15:11:35.500000');
INSERT INTO django_admin_log VALUES(168,'159','Made for Life Mesh Shorts - Tall',3,'',14,1,'2024-09-15 15:11:35.502000');
INSERT INTO django_admin_log VALUES(169,'160','Worthington Slim-Fit Cropped Pants',3,'',14,1,'2024-09-15 15:11:35.504000');
INSERT INTO django_admin_log VALUES(170,'161','Arizona Poplin Cargo Shorts - Boys 8-20',3,'',14,1,'2024-09-15 15:11:35.505000');
INSERT INTO django_admin_log VALUES(171,'162','a.n.a Sleeveless Cinched Waist Knit Jumpsuit',3,'',14,1,'2024-09-15 15:11:35.507000');
INSERT INTO django_admin_log VALUES(172,'163','i jeans by Buffalo Lace Midi Skirt',3,'',14,1,'2024-09-15 15:11:35.508000');
INSERT INTO django_admin_log VALUES(173,'164','Liz Claiborne Roll-Cuff Cargo Shorts',3,'',14,1,'2024-09-15 15:11:35.510000');
INSERT INTO django_admin_log VALUES(174,'165','Worthington Mixed Media Open Back Blouse - Plus',3,'',14,1,'2024-09-15 15:11:35.511000');
INSERT INTO django_admin_log VALUES(175,'166','Steve Harvey Linen Blend Vest - Big & Tall',3,'',14,1,'2024-09-15 15:11:35.514000');
INSERT INTO django_admin_log VALUES(176,'167','Studio 1 Sleeveless Embellished-Neck Handkerchief Dress - Plus',3,'',14,1,'2024-09-15 15:11:35.516000');
INSERT INTO django_admin_log VALUES(177,'168','Danny & Nicole Sleeveless Printed Fit-and-Flare Dress - Plus',3,'',14,1,'2024-09-15 15:11:35.517000');
INSERT INTO django_admin_log VALUES(178,'169','MaryJane''s Home Cotton Clouds Square Decorative Pillow',3,'',14,1,'2024-09-15 15:11:35.519000');
INSERT INTO django_admin_log VALUES(179,'170','City Triangles Sleeveless Lace Top Printed Short Belted Romper',3,'',14,1,'2024-09-15 15:11:35.521000');
INSERT INTO django_admin_log VALUES(180,'171','by&by Spaghetti Strap Crochet Inset Waist Dress',3,'',14,1,'2024-09-15 15:11:35.522000');
INSERT INTO django_admin_log VALUES(181,'172','Stylus Flare Jeans',3,'',14,1,'2024-09-15 15:11:35.524000');
INSERT INTO django_admin_log VALUES(182,'173','Alyx Printed Maxi Skirt',3,'',14,1,'2024-09-15 15:11:35.526000');
INSERT INTO django_admin_log VALUES(183,'174','St. John''s Bay Ikat Sharkbite Tank Top',3,'',14,1,'2024-09-15 15:11:35.527000');
INSERT INTO django_admin_log VALUES(184,'10','Android Smartphone',1,'[{"added": {}}]',13,1,'2024-09-15 15:13:33.821000');
INSERT INTO django_admin_log VALUES(185,'11','Android Tablets',1,'[{"added": {}}]',13,1,'2024-09-15 15:13:47.247000');
INSERT INTO django_admin_log VALUES(186,'12','Apple Ipad',1,'[{"added": {}}]',13,1,'2024-09-15 15:14:04.892000');
INSERT INTO django_admin_log VALUES(187,'13','Apple Iphone',1,'[{"added": {}}]',13,1,'2024-09-15 15:14:26.421000');
INSERT INTO django_admin_log VALUES(188,'14','Batteries',1,'[{"added": {}}]',13,1,'2024-09-15 15:14:37.793000');
INSERT INTO django_admin_log VALUES(189,'15','Bluetooth Headphones',1,'[{"added": {}}]',13,1,'2024-09-15 15:14:55.889000');
INSERT INTO django_admin_log VALUES(190,'16','Chargers & Adapters',1,'[{"added": {}}]',13,1,'2024-09-15 15:15:07.340000');
INSERT INTO django_admin_log VALUES(191,'17','Desktop Computers',1,'[{"added": {}}]',13,1,'2024-09-15 15:15:17.919000');
INSERT INTO django_admin_log VALUES(192,'18','Earbud Headphones',1,'[{"added": {}}]',13,1,'2024-09-15 15:15:28.385000');
INSERT INTO django_admin_log VALUES(193,'19','Gaming PC',1,'[{"added": {}}]',13,1,'2024-09-15 15:15:43.098000');
INSERT INTO django_admin_log VALUES(194,'20','Google Pixel',1,'[{"added": {}}]',13,1,'2024-09-15 15:16:01.091000');
INSERT INTO django_admin_log VALUES(195,'21','Home Theater System',1,'[{"added": {}}]',13,1,'2024-09-15 15:16:12.188000');
INSERT INTO django_admin_log VALUES(196,'22','Laptops & Tablets',1,'[{"added": {}}]',13,1,'2024-09-15 15:16:22.882000');
INSERT INTO django_admin_log VALUES(197,'23','Monitors',1,'[{"added": {}}]',13,1,'2024-09-15 15:16:31.942000');
INSERT INTO django_admin_log VALUES(198,'24','Noise-Cancelling Headpones',1,'[{"added": {}}]',13,1,'2024-09-15 15:16:49.181000');
INSERT INTO django_admin_log VALUES(199,'25','On-Ear Headphones',1,'[{"added": {}}]',13,1,'2024-09-15 15:17:07.062000');
INSERT INTO django_admin_log VALUES(200,'26','Over-Ear Headphones',1,'[{"added": {}}]',13,1,'2024-09-15 15:17:27.656000');
INSERT INTO django_admin_log VALUES(201,'27','Playstation 4',1,'[{"added": {}}]',13,1,'2024-09-15 15:18:00.652000');
INSERT INTO django_admin_log VALUES(202,'28','Playstation 5',1,'[{"added": {}}]',13,1,'2024-09-15 15:18:10.674000');
INSERT INTO django_admin_log VALUES(203,'29','Sound Boosters',1,'[{"added": {}}]',13,1,'2024-09-15 15:18:19.919000');
INSERT INTO django_admin_log VALUES(204,'30','Sound Systems',1,'[{"added": {}}]',13,1,'2024-09-15 15:18:36.452000');
INSERT INTO django_admin_log VALUES(205,'31','Sub Woofers',1,'[{"added": {}}]',13,1,'2024-09-15 15:18:46.192000');
INSERT INTO django_admin_log VALUES(206,'32','Television',1,'[{"added": {}}]',13,1,'2024-09-15 15:18:55.181000');
INSERT INTO django_admin_log VALUES(207,'33','Video Games',1,'[{"added": {}}]',13,1,'2024-09-15 15:19:11.711000');
INSERT INTO django_admin_log VALUES(208,'34','Xbox Series X',1,'[{"added": {}}]',13,1,'2024-09-15 15:19:27.951000');
INSERT INTO django_admin_log VALUES(209,'175','SAMSUNG Galaxy A15 - 128 GB, Blue Black',1,'[{"added": {}}]',14,1,'2024-09-15 15:26:44.042000');
INSERT INTO django_admin_log VALUES(210,'176','SAMSUNG Galaxy A55 5G - 256 GB',1,'[{"added": {}}]',14,1,'2024-09-15 15:29:55.552000');
INSERT INTO django_admin_log VALUES(211,'175','SAMSUNG Galaxy A15 - 128 GB',2,'[{"changed": {"fields": ["Name"]}}]',14,1,'2024-09-15 15:30:07.653000');
INSERT INTO django_admin_log VALUES(212,'176','SAMSUNG Galaxy A55 5G - 256 GB',2,'[{"changed": {"fields": ["Description"]}}]',14,1,'2024-09-15 15:31:44.422000');
INSERT INTO django_admin_log VALUES(213,'175','SAMSUNG Galaxy A15 - 128 GB',2,'[{"changed": {"fields": ["Description"]}}]',14,1,'2024-09-15 15:32:13.592000');
INSERT INTO django_admin_log VALUES(214,'177','SAMSUNG Galaxy A55 5G - 256 GB',1,'[{"added": {}}]',14,1,'2024-09-15 15:34:05.645000');
INSERT INTO django_admin_log VALUES(215,'178','SAMSUNG Galaxy S24 - 128 GB',1,'[{"added": {}}]',14,1,'2024-09-15 15:35:11.382000');
INSERT INTO django_admin_log VALUES(216,'179','SAMSUNG Galaxy S24 Ultra - 256 GB',1,'[{"added": {}}]',14,1,'2024-09-15 15:36:19.203000');
INSERT INTO django_admin_log VALUES(217,'180','LENOVO Tab Extreme 14.5 Tablet',1,'[{"added": {}}]',14,1,'2024-09-15 15:38:49.640000');
INSERT INTO django_admin_log VALUES(218,'181','LENOVO Tab M10 10.1 Tablet - 64 GB',1,'[{"added": {}}]',14,1,'2024-09-15 15:40:43.420000');
INSERT INTO django_admin_log VALUES(219,'182','LENOVO Tab P12 12.7 Tablet - 128 GB',1,'[{"added": {}}]',14,1,'2024-09-15 15:41:40.944000');
INSERT INTO django_admin_log VALUES(220,'183','LENOVO Tab Plus 11.5 Tablet with Sleeve - 128 GB',1,'[{"added": {}}]',14,1,'2024-09-15 15:43:16.071000');
INSERT INTO django_admin_log VALUES(221,'184','SAMSUNG Galaxy Tab A9+ 11 Tablet - 64 GB',1,'[{"added": {}}]',14,1,'2024-09-15 15:44:08.839000');
INSERT INTO django_admin_log VALUES(222,'185','SAMSUNG Galaxy Tab S9 FE 10.9 Tablet - 128 GB GB, Grey',1,'[{"added": {}}]',14,1,'2024-09-15 15:45:56.992000');
INSERT INTO django_admin_log VALUES(223,'186','APPLE 10.2 iPad (2021) - 64 GB',1,'[{"added": {}}]',14,1,'2024-09-15 15:47:18.036000');
INSERT INTO django_admin_log VALUES(224,'187','APPLE 10.9 iPad (2022) - 64 GB',1,'[{"added": {}}]',14,1,'2024-09-15 15:50:33.581000');
INSERT INTO django_admin_log VALUES(225,'188','APPLE 10.9 iPad (2022) - 64 GB',1,'[{"added": {}}]',14,1,'2024-09-15 15:51:31.594000');
INSERT INTO django_admin_log VALUES(226,'189','APPLE 10.9 iPad Air (2022) - 64 GB',1,'[{"added": {}}]',14,1,'2024-09-15 15:52:27.913000');
INSERT INTO django_admin_log VALUES(227,'190','APPLE 11 iPad Air (2024) - 128 GB',1,'[{"added": {}}]',14,1,'2024-09-15 15:54:38.190000');
INSERT INTO django_admin_log VALUES(228,'191','APPLE 11 iPad Pro (2024) - 256 GB',1,'[{"added": {}}]',14,1,'2024-09-15 15:56:50.919000');
INSERT INTO django_admin_log VALUES(229,'192','APPLE iPhone 14 - 128 GB',1,'[{"added": {}}]',14,1,'2024-09-15 15:57:51.837000');
INSERT INTO django_admin_log VALUES(230,'193','APPLE iPhone 15 - 128 GB',1,'[{"added": {}}]',14,1,'2024-09-15 15:58:47.125000');
INSERT INTO django_admin_log VALUES(231,'194','APPLE iPhone 15 - 128 GB',1,'[{"added": {}}]',14,1,'2024-09-15 15:59:43.959000');
INSERT INTO django_admin_log VALUES(232,'195','APPLE iPhone 15 - 256 GB',1,'[{"added": {}}]',14,1,'2024-09-15 16:00:39.125000');
INSERT INTO django_admin_log VALUES(233,'196','APPLE iPhone 15 Pro - 128 GB',1,'[{"added": {}}]',14,1,'2024-09-15 16:01:34.744000');
INSERT INTO django_admin_log VALUES(234,'197','APPLE iPhone 15 Pro - 128 GB',1,'[{"added": {}}]',14,1,'2024-09-15 16:02:35.591000');
INSERT INTO django_admin_log VALUES(235,'198','APPLE iPhone 15 Pro Max - 256 GB',1,'[{"added": {}}]',14,1,'2024-09-15 16:03:39.474000');
INSERT INTO django_admin_log VALUES(236,'199','APPLE iPhone 15 Pro Max - 256 GB',1,'[{"added": {}}]',14,1,'2024-09-15 16:04:45.018000');
INSERT INTO django_admin_log VALUES(237,'200','APPLE iPhone 16 - 128 GB',1,'[{"added": {}}]',14,1,'2024-09-15 16:06:00.975000');
INSERT INTO django_admin_log VALUES(238,'201','APPLE iPhone 16 Pro - 128 GB',1,'[{"added": {}}]',14,1,'2024-09-15 16:06:56.913000');
INSERT INTO django_admin_log VALUES(239,'202','CANON BG-E21 Battery Grip',1,'[{"added": {}}]',14,1,'2024-09-16 12:09:31.760000');
INSERT INTO django_admin_log VALUES(240,'203','DURACELL CEF14 4-Battery Charger with Batteries',1,'[{"added": {}}]',14,1,'2024-09-16 12:10:22.775000');
INSERT INTO django_admin_log VALUES(241,'204','DURACELL CEF27 4-Battery Charger with Batteries',1,'[{"added": {}}]',14,1,'2024-09-16 13:16:44.627000');
INSERT INTO django_admin_log VALUES(242,'205','DURACELL DL2025-CR2025-ECR2025 Lithium Batteries',1,'[{"added": {}}]',14,1,'2024-09-16 13:17:54.054000');
INSERT INTO django_admin_log VALUES(243,'206','DURACELL HR9V-DC1604 9V Rechargeable NiMH Battery',1,'[{"added": {}}]',14,1,'2024-09-16 13:19:43.743000');
INSERT INTO django_admin_log VALUES(244,'207','BEATS Solo 3 Wireless Bluetooth Headphones',1,'[{"added": {}}]',14,1,'2024-09-16 13:23:09.374000');
INSERT INTO django_admin_log VALUES(245,'208','BEATS Solo 4 Wireless Bluetooth Headphones',1,'[{"added": {}}]',14,1,'2024-09-16 13:24:15.106000');
INSERT INTO django_admin_log VALUES(246,'209','BEATS Solo 4 Wireless Bluetooth Headphones',1,'[{"added": {}}]',14,1,'2024-09-16 13:26:09.219000');
INSERT INTO django_admin_log VALUES(247,'210','MONDO by Defunc M1012 Wireless Bluetooth Headphones',1,'[{"added": {}}]',14,1,'2024-09-16 13:28:01.988000');
INSERT INTO django_admin_log VALUES(248,'211','SONY WH-CH520B Wireless Bluetooth Headphones',1,'[{"added": {}}]',14,1,'2024-09-16 13:29:41.390000');
INSERT INTO django_admin_log VALUES(249,'212','SONY WH-CH520C Wireless Bluetooth Headphones',1,'[{"added": {}}]',14,1,'2024-09-16 13:30:51.182000');
INSERT INTO django_admin_log VALUES(250,'213','SONY WH-CH520W Wireless Bluetooth Headphones',1,'[{"added": {}}]',14,1,'2024-09-16 13:32:13.885000');
INSERT INTO django_admin_log VALUES(251,'214','APPLE 20 W USB Type-C Power Adapter',1,'[{"added": {}}]',14,1,'2024-09-16 13:36:26.306000');
INSERT INTO django_admin_log VALUES(252,'215','APPLE Lightning to USB Adapter',1,'[{"added": {}}]',14,1,'2024-09-16 13:38:06.952000');
INSERT INTO django_admin_log VALUES(253,'216','BELKIN Dual 24 W USB Car Charger',1,'[{"added": {}}]',14,1,'2024-09-16 13:39:32.024000');
INSERT INTO django_admin_log VALUES(254,'217','BELKIN F7U080btBLK Dual USB-C Aux and Charge Adapter',1,'[{"added": {}}]',14,1,'2024-09-16 13:40:51.291000');
INSERT INTO django_admin_log VALUES(255,'218','APPLE iMac 4.5K 24 (2023) - M3, 512 GB SSD',1,'[{"added": {}}]',14,1,'2024-09-16 13:45:00.088000');
INSERT INTO django_admin_log VALUES(256,'219','ASUS A3402WVAK-WPC127W 23.8 All-in-One PC - Intel® Core™ 5, 1 TB SSD',1,'[{"added": {}}]',14,1,'2024-09-16 13:48:14.949000');
INSERT INTO django_admin_log VALUES(257,'220','HP 24-cb1002na 23.8 All-in-One PC - Intel® Core™ i5, 512 GB SSD',1,'[{"added": {}}]',14,1,'2024-09-16 13:49:44.038000');
INSERT INTO django_admin_log VALUES(258,'221','BEATS Solo Buds Wireless Bluetooth Earbuds',1,'[{"added": {}}]',14,1,'2024-09-16 13:56:12.110000');
INSERT INTO django_admin_log VALUES(259,'222','JLAB GO Air POP Wireless Bluetooth Earbuds',1,'[{"added": {}}]',14,1,'2024-09-16 13:58:02.168000');
INSERT INTO django_admin_log VALUES(260,'223','JLAB GO Air POP Wireless Bluetooth Earbuds',1,'[{"added": {}}]',14,1,'2024-09-16 13:59:57.203000');
INSERT INTO django_admin_log VALUES(261,'224','JLAB GO Air POP Wireless Bluetooth Earbuds',1,'[{"added": {}}]',14,1,'2024-09-16 14:01:40.229000');
INSERT INTO django_admin_log VALUES(262,'225','ACER Nitro N50-650 Gaming PC - Intel® Core™ i5, RTX 4060, 1 TB SSD',1,'[{"added": {}}]',14,1,'2024-09-16 14:04:43.871000');
INSERT INTO django_admin_log VALUES(263,'226','HP OMEN 25L Gaming Desktop PC, RTX 4060 Ti 8GB, Intel® Core™ i5, 16GB DDR5 RAM, 1TB SSD',1,'[{"added": {}}]',14,1,'2024-09-16 14:06:20.893000');
INSERT INTO django_admin_log VALUES(264,'227','HP Victus 15L Gaming Desktop PC, AMD Ryzen 5, RTX 3050 8GB, 512GB SSD',1,'[{"added": {}}]',14,1,'2024-09-16 14:08:04.456000');
INSERT INTO django_admin_log VALUES(265,'228','GOOGLE Pixel 7 Pro - 128 GB, Hazel',1,'[{"added": {}}]',14,1,'2024-09-16 14:09:42.792000');
INSERT INTO django_admin_log VALUES(266,'229','GOOGLE Pixel 8 - 128 GB, Obsidian',1,'[{"added": {}}]',14,1,'2024-09-18 18:44:19.139000');
INSERT INTO django_admin_log VALUES(267,'230','GOOGLE Pixel 8 - 256 GB, Hazel',1,'[{"added": {}}]',14,1,'2024-09-18 18:46:40.457000');
INSERT INTO django_admin_log VALUES(268,'231','GOOGLE Pixel 8 - 256 GB, Obsidian',1,'[{"added": {}}]',14,1,'2024-09-18 18:48:48.572000');
INSERT INTO django_admin_log VALUES(269,'232','GOOGLE Pixel 8 - 256 GB, Rose',1,'[{"added": {}}]',14,1,'2024-09-18 18:51:09.694000');
INSERT INTO django_admin_log VALUES(270,'233','GOOGLE Pixel 9 - 256 GB, Porcelain',1,'[{"added": {}}]',14,1,'2024-09-18 18:53:18.086000');
INSERT INTO django_admin_log VALUES(271,'234','SONY BRAVIA Theatre Bar 8 (HT-A8000) 11.0 Sound Bar with Dolby Atmos',1,'[{"added": {}}]',14,1,'2024-09-18 18:55:41.214000');
INSERT INTO django_admin_log VALUES(272,'235','SONY BRAVIA Theatre Bar 9 (HT-A9000) 13.0 Sound Bar with Dolby Atmos',1,'[{"added": {}}]',14,1,'2024-09-18 18:58:08.698000');
INSERT INTO django_admin_log VALUES(273,'236','SONY BRAVIA Theatre Quad (HTA9M2) 4.0.4 Home Cinema System with Dolby Atmos - Grey',1,'[{"added": {}}]',14,1,'2024-09-18 19:00:03.366000');
INSERT INTO django_admin_log VALUES(274,'237','SONY BRAVIA Theatre U (HTAN7) Neckband with Dolby Atmos - Black',1,'[{"added": {}}]',14,1,'2024-09-18 19:02:56.733000');
INSERT INTO django_admin_log VALUES(275,'238','SONY HT-AX7 2.1 Portable Theatre System',1,'[{"added": {}}]',14,1,'2024-09-18 19:06:25.772000');
INSERT INTO django_admin_log VALUES(276,'239','APPLE 10.2 iPad (2021) - 64 GB',1,'[{"added": {}}]',14,1,'2024-09-18 19:08:56.412000');
INSERT INTO django_admin_log VALUES(277,'240','APPLE 10.9 iPad (2022) - 256 GB',1,'[{"added": {}}]',14,1,'2024-09-18 19:13:18.308000');
INSERT INTO django_admin_log VALUES(278,'241','APPLE 10.9 iPad Air (2022) - 64 GB',1,'[{"added": {}}]',14,1,'2024-09-18 19:17:42.456000');
INSERT INTO django_admin_log VALUES(279,'242','APPLE MacBook Air 13.6 2022 - M2 256 GB SSD Midnight',1,'[{"added": {}}]',14,1,'2024-09-18 19:19:08.603000');
INSERT INTO django_admin_log VALUES(280,'243','ASUS Vivobook S 15 S5506MA 15.6 Laptop - Intel® Core™ Ultra 9, 1 TB SSD',1,'[{"added": {}}]',14,1,'2024-09-18 19:20:23.833000');
INSERT INTO django_admin_log VALUES(281,'244','ASUS Zenbook S 14 14 Laptop – Intel® Core™ Ultra 9, 1 TB SSD',1,'[{"added": {}}]',14,1,'2024-09-18 19:22:12.105000');
INSERT INTO django_admin_log VALUES(282,'245','HP 15a-nb0502sa 15. Chromebook Plus - Intel® Core™ i3, 128 GB SSD,',1,'[{"added": {}}]',14,1,'2024-09-18 19:24:27.804000');
INSERT INTO django_admin_log VALUES(283,'246','HP ENVY x360 14 2 in 1 Laptop - AMD Ryzen 5, 512 GB SSD',1,'[{"added": {}}]',14,1,'2024-09-18 19:25:52.687000');
INSERT INTO django_admin_log VALUES(284,'247','HP Pavilion 16-ag0508sa 16 Laptop - AMD Ryzen 5, 512 GB SSD',1,'[{"added": {}}]',14,1,'2024-09-18 19:28:43.995000');
INSERT INTO django_admin_log VALUES(285,'34','Xbox Series X',3,'',13,1,'2024-09-18 19:32:51.619000');
INSERT INTO django_admin_log VALUES(286,'33','Video Games',3,'',13,1,'2024-09-18 19:32:51.621000');
INSERT INTO django_admin_log VALUES(287,'32','Television',3,'',13,1,'2024-09-18 19:32:51.622000');
INSERT INTO django_admin_log VALUES(288,'31','Sub Woofers',3,'',13,1,'2024-09-18 19:32:51.625000');
INSERT INTO django_admin_log VALUES(289,'30','Sound Systems',3,'',13,1,'2024-09-18 19:32:51.626000');
INSERT INTO django_admin_log VALUES(290,'29','Sound Boosters',3,'',13,1,'2024-09-18 19:32:51.628000');
INSERT INTO django_admin_log VALUES(291,'28','Playstation 5',3,'',13,1,'2024-09-18 19:32:51.629000');
INSERT INTO django_admin_log VALUES(292,'27','Playstation 4',3,'',13,1,'2024-09-18 19:32:51.630000');
INSERT INTO django_admin_log VALUES(293,'26','Over-Ear Headphones',3,'',13,1,'2024-09-18 19:32:51.632000');
INSERT INTO django_admin_log VALUES(294,'25','On-Ear Headphones',3,'',13,1,'2024-09-18 19:32:51.633000');
INSERT INTO django_admin_log VALUES(295,'24','Noise-Cancelling Headpones',3,'',13,1,'2024-09-18 19:32:51.634000');
INSERT INTO django_admin_log VALUES(296,'23','Monitors',3,'',13,1,'2024-09-18 19:32:51.636000');
INSERT INTO django_admin_log VALUES(297,'22','Laptops',2,'[{"changed": {"fields": ["Name", "Friendly name"]}}]',13,1,'2024-09-18 20:26:01.894000');
INSERT INTO django_admin_log VALUES(298,'16','Chargers',2,'[{"changed": {"fields": ["Name", "Friendly name"]}}]',13,1,'2024-09-18 20:26:21.644000');
CREATE TABLE IF NOT EXISTS "django_content_type" ("id" integer NOT NULL PRIMARY KEY AUTOINCREMENT, "app_label" varchar(100) NOT NULL, "model" varchar(100) NOT NULL);
INSERT INTO django_content_type VALUES(1,'admin','logentry');
INSERT INTO django_content_type VALUES(2,'auth','permission');
INSERT INTO django_content_type VALUES(3,'auth','group');
INSERT INTO django_content_type VALUES(4,'auth','user');
INSERT INTO django_content_type VALUES(5,'contenttypes','contenttype');
INSERT INTO django_content_type VALUES(6,'sessions','session');
INSERT INTO django_content_type VALUES(7,'sites','site');
INSERT INTO django_content_type VALUES(8,'account','emailaddress');
INSERT INTO django_content_type VALUES(9,'account','emailconfirmation');
INSERT INTO django_content_type VALUES(10,'socialaccount','socialaccount');
INSERT INTO django_content_type VALUES(11,'socialaccount','socialapp');
INSERT INTO django_content_type VALUES(12,'socialaccount','socialtoken');
INSERT INTO django_content_type VALUES(13,'products','category');
INSERT INTO django_content_type VALUES(14,'products','product');
INSERT INTO django_content_type VALUES(15,'checkout','order');
INSERT INTO django_content_type VALUES(16,'checkout','orderlineitem');
INSERT INTO django_content_type VALUES(17,'profiles','userprofile');
INSERT INTO django_content_type VALUES(18,'wishlist','wishlist');
CREATE TABLE IF NOT EXISTS "auth_permission" ("id" integer NOT NULL PRIMARY KEY AUTOINCREMENT, "content_type_id" integer NOT NULL REFERENCES "django_content_type" ("id") DEFERRABLE INITIALLY DEFERRED, "codename" varchar(100) NOT NULL, "name" varchar(255) NOT NULL);
INSERT INTO auth_permission VALUES(1,1,'add_logentry','Can add log entry');
INSERT INTO auth_permission VALUES(2,1,'change_logentry','Can change log entry');
INSERT INTO auth_permission VALUES(3,1,'delete_logentry','Can delete log entry');
INSERT INTO auth_permission VALUES(4,1,'view_logentry','Can view log entry');
INSERT INTO auth_permission VALUES(5,2,'add_permission','Can add permission');
INSERT INTO auth_permission VALUES(6,2,'change_permission','Can change permission');
INSERT INTO auth_permission VALUES(7,2,'delete_permission','Can delete permission');
INSERT INTO auth_permission VALUES(8,2,'view_permission','Can view permission');
INSERT INTO auth_permission VALUES(9,3,'add_group','Can add group');
INSERT INTO auth_permission VALUES(10,3,'change_group','Can change group');
INSERT INTO auth_permission VALUES(11,3,'delete_group','Can delete group');
INSERT INTO auth_permission VALUES(12,3,'view_group','Can view group');
INSERT INTO auth_permission VALUES(13,4,'add_user','Can add user');
INSERT INTO auth_permission VALUES(14,4,'change_user','Can change user');
INSERT INTO auth_permission VALUES(15,4,'delete_user','Can delete user');
INSERT INTO auth_permission VALUES(16,4,'view_user','Can view user');
INSERT INTO auth_permission VALUES(17,5,'add_contenttype','Can add content type');
INSERT INTO auth_permission VALUES(18,5,'change_contenttype','Can change content type');
INSERT INTO auth_permission VALUES(19,5,'delete_contenttype','Can delete content type');
INSERT INTO auth_permission VALUES(20,5,'view_contenttype','Can view content type');
INSERT INTO auth_permission VALUES(21,6,'add_session','Can add session');
INSERT INTO auth_permission VALUES(22,6,'change_session','Can change session');
INSERT INTO auth_permission VALUES(23,6,'delete_session','Can delete session');
INSERT INTO auth_permission VALUES(24,6,'view_session','Can view session');
INSERT INTO auth_permission VALUES(25,7,'add_site','Can add site');
INSERT INTO auth_permission VALUES(26,7,'change_site','Can change site');
INSERT INTO auth_permission VALUES(27,7,'delete_site','Can delete site');
INSERT INTO auth_permission VALUES(28,7,'view_site','Can view site');
INSERT INTO auth_permission VALUES(29,8,'add_emailaddress','Can add email address');
INSERT INTO auth_permission VALUES(30,8,'change_emailaddress','Can change email address');
INSERT INTO auth_permission VALUES(31,8,'delete_emailaddress','Can delete email address');
INSERT INTO auth_permission VALUES(32,8,'view_emailaddress','Can view email address');
INSERT INTO auth_permission VALUES(33,9,'add_emailconfirmation','Can add email confirmation');
INSERT INTO auth_permission VALUES(34,9,'change_emailconfirmation','Can change email confirmation');
INSERT INTO auth_permission VALUES(35,9,'delete_emailconfirmation','Can delete email confirmation');
INSERT INTO auth_permission VALUES(36,9,'view_emailconfirmation','Can view email confirmation');
INSERT INTO auth_permission VALUES(37,10,'add_socialaccount','Can add social account');
INSERT INTO auth_permission VALUES(38,10,'change_socialaccount','Can change social account');
INSERT INTO auth_permission VALUES(39,10,'delete_socialaccount','Can delete social account');
INSERT INTO auth_permission VALUES(40,10,'view_socialaccount','Can view social account');
INSERT INTO auth_permission VALUES(41,11,'add_socialapp','Can add social application');
INSERT INTO auth_permission VALUES(42,11,'change_socialapp','Can change social application');
INSERT INTO auth_permission VALUES(43,11,'delete_socialapp','Can delete social application');
INSERT INTO auth_permission VALUES(44,11,'view_socialapp','Can view social application');
INSERT INTO auth_permission VALUES(45,12,'add_socialtoken','Can add social application token');
INSERT INTO auth_permission VALUES(46,12,'change_socialtoken','Can change social application token');
INSERT INTO auth_permission VALUES(47,12,'delete_socialtoken','Can delete social application token');
INSERT INTO auth_permission VALUES(48,12,'view_socialtoken','Can view social application token');
INSERT INTO auth_permission VALUES(49,13,'add_category','Can add category');
INSERT INTO auth_permission VALUES(50,13,'change_category','Can change category');
INSERT INTO auth_permission VALUES(51,13,'delete_category','Can delete category');
INSERT INTO auth_permission VALUES(52,13,'view_category','Can view category');
INSERT INTO auth_permission VALUES(53,14,'add_product','Can add product');
INSERT INTO auth_permission VALUES(54,14,'change_product','Can change product');
INSERT INTO auth_permission VALUES(55,14,'delete_product','Can delete product');
INSERT INTO auth_permission VALUES(56,14,'view_product','Can view product');
INSERT INTO auth_permission VALUES(57,15,'add_order','Can add order');
INSERT INTO auth_permission VALUES(58,15,'change_order','Can change order');
INSERT INTO auth_permission VALUES(59,15,'delete_order','Can delete order');
INSERT INTO auth_permission VALUES(60,15,'view_order','Can view order');
INSERT INTO auth_permission VALUES(61,16,'add_orderlineitem','Can add order line item');
INSERT INTO auth_permission VALUES(62,16,'change_orderlineitem','Can change order line item');
INSERT INTO auth_permission VALUES(63,16,'delete_orderlineitem','Can delete order line item');
INSERT INTO auth_permission VALUES(64,16,'view_orderlineitem','Can view order line item');
INSERT INTO auth_permission VALUES(65,17,'add_userprofile','Can add user profile');
INSERT INTO auth_permission VALUES(66,17,'change_userprofile','Can change user profile');
INSERT INTO auth_permission VALUES(67,17,'delete_userprofile','Can delete user profile');
INSERT INTO auth_permission VALUES(68,17,'view_userprofile','Can view user profile');
INSERT INTO auth_permission VALUES(69,18,'add_wishlist','Can add wishlist');
INSERT INTO auth_permission VALUES(70,18,'change_wishlist','Can change wishlist');
INSERT INTO auth_permission VALUES(71,18,'delete_wishlist','Can delete wishlist');
INSERT INTO auth_permission VALUES(72,18,'view_wishlist','Can view wishlist');
CREATE TABLE IF NOT EXISTS "auth_group" ("id" integer NOT NULL PRIMARY KEY AUTOINCREMENT, "name" varchar(150) NOT NULL UNIQUE);
CREATE TABLE IF NOT EXISTS "auth_user" ("id" integer NOT NULL PRIMARY KEY AUTOINCREMENT, "password" varchar(128) NOT NULL, "last_login" datetime NULL, "is_superuser" bool NOT NULL, "username" varchar(150) NOT NULL UNIQUE, "last_name" varchar(150) NOT NULL, "email" varchar(254) NOT NULL, "is_staff" bool NOT NULL, "is_active" bool NOT NULL, "date_joined" datetime NOT NULL, "first_name" varchar(150) NOT NULL);
INSERT INTO auth_user VALUES(1,'pbkdf2_sha256$720000$ipUdsfdafDNCD94h2wvldO$q32gDWiMcopypP8W6iXtiSkPTLK320c9EqUICadSXuU=','2024-10-02 12:35:59.401620',1,'admin','','george.okwori@outlook.com',1,1,'2024-09-11 21:16:08.525000','');
INSERT INTO auth_user VALUES(3,'pbkdf2_sha256$720000$EaIDdwsgCSlN0mX1tGrU6i$pPlQNMOVqqP5IvJPe+u6Tdyt0sJzFQl1t0iXSuzvzyM=',NULL,0,'xcxcxasxsdadsad','','tapedalat.musohifo@jollyfree.com',0,1,'2024-09-12 01:18:48.518000','');
CREATE TABLE IF NOT EXISTS "profiles_userprofile" ("id" integer NOT NULL PRIMARY KEY AUTOINCREMENT, "default_phone_number" varchar(20) NULL, "default_street_address1" varchar(80) NULL, "default_street_address2" varchar(80) NULL, "default_town_or_city" varchar(40) NULL, "default_county" varchar(80) NULL, "default_postcode" varchar(20) NULL, "default_country" varchar(2) NULL, "user_id" integer NOT NULL UNIQUE REFERENCES "auth_user" ("id") DEFERRABLE INITIALLY DEFERRED);
INSERT INTO profiles_userprofile VALUES(1,'1235411','anywhere',NULL,'anywhere','anywhere','cf11 8fw','GB',1);
INSERT INTO profiles_userprofile VALUES(3,NULL,NULL,NULL,NULL,NULL,NULL,NULL,3);
CREATE TABLE IF NOT EXISTS "products_category" ("id" integer NOT NULL PRIMARY KEY AUTOINCREMENT, "name" varchar(254) NOT NULL, "friendly_name" varchar(254) NULL);
INSERT INTO products_category VALUES(10,'Android Smartphone','Android Smartphone');
INSERT INTO products_category VALUES(11,'Android Tablets','Android Tablets');
INSERT INTO products_category VALUES(12,'Apple Ipad','Apple Ipad');
INSERT INTO products_category VALUES(13,'Apple Iphone','Apple Iphone');
INSERT INTO products_category VALUES(14,'Batteries','Batteries');
INSERT INTO products_category VALUES(15,'Bluetooth Headphones','Bluetooth Headphones');
INSERT INTO products_category VALUES(16,'Chargers','Chargers');
INSERT INTO products_category VALUES(17,'Desktop Computers','Desktop Computers');
INSERT INTO products_category VALUES(18,'Earbud Headphones','Earbud Headphones');
INSERT INTO products_category VALUES(19,'Gaming PC','Gaming PC');
INSERT INTO products_category VALUES(20,'Google Pixel','Google Pixel');
INSERT INTO products_category VALUES(21,'Home Theater System','Home Theater System');
INSERT INTO products_category VALUES(22,'Laptops','Laptops');
CREATE TABLE IF NOT EXISTS "products_product" ("id" integer NOT NULL PRIMARY KEY AUTOINCREMENT, "sku" varchar(254) NULL, "name" varchar(254) NOT NULL, "description" text NOT NULL, "price" decimal NOT NULL, "rating" decimal NULL, "image_url" varchar(1024) NULL, "image" varchar(100) NULL, "category_id" bigint NULL REFERENCES "products_category" ("id") DEFERRABLE INITIALLY DEFERRED);
INSERT INTO products_product VALUES(175,'SAM-A15-BB-001','SAMSUNG Galaxy A15 - 128 GB',replace(replace('Display: 6.4" Full HD+ AMOLED, 90Hz refresh rate.\r\nProcessor: Octa-core 2.3 GHz.\r\nStorage: 128GB, expandable up to 1TB.\r\nBattery: 5000mAh with fast charging.\r\nCamera: 48MP quad-camera system.\r\nConnectivity: 4G LTE, Wi-Fi 5, Bluetooth 5.0, USB Type-C.\r\nOS: Android 12 with One UI 4.1.\r\nColour: Blue Black.','\r',char(13)),'\n',char(10)),249.9900000000000091,4.2999999999999998223,NULL,'SAMSUNG_Galaxy_A15_-_128_GB_Blue_Black.webp',10);
INSERT INTO products_product VALUES(176,'SAM-A55-5G-AIB-002','SAMSUNG Galaxy A55 5G - 256 GB',replace(replace('Display: 6.5" Super AMOLED, 120Hz refresh rate.\r\nProcessor: Octa-core 2.4 GHz for fast performance.\r\nStorage: 256GB, expandable to 1TB.\r\nBattery: 5000mAh, 25W fast charging.\r\nCamera: 64MP quad-camera system.\r\nConnectivity: 5G, Wi-Fi 6, Bluetooth 5.1.\r\nOS: Android 13 with One UI 5.\r\nColor: Awesome Iceblue.','\r',char(13)),'\n',char(10)),449.99000000000000908,4.5999999999999996447,NULL,'SAMSUNG_Galaxy_A55_5G_-_256_GB_Awesome_Iceblue.webp',10);
INSERT INTO products_product VALUES(177,'SAM-A55-5G-ANV-003','SAMSUNG Galaxy A55 5G - 256 GB',replace(replace('Display: 6.5" Super AMOLED, 120Hz refresh rate.\r\nProcessor: Octa-core 2.4 GHz.\r\nStorage: 256GB, expandable up to 1TB.\r\nBattery: 5000mAh, 25W fast charging.\r\nCamera: 64MP quad-camera system.\r\nConnectivity: 5G, Wi-Fi 6, Bluetooth 5.1.\r\nOS: Android 13 with One UI 5.\r\nColour: Awesome Navy.','\r',char(13)),'\n',char(10)),449.99000000000000908,4.5999999999999996447,NULL,'SAMSUNG_Galaxy_A55_5G_-_256_GB_Awesome_Navy.webp',10);
INSERT INTO products_product VALUES(178,'SAM-S24-OB-004','SAMSUNG Galaxy S24 - 128 GB',replace(replace('Display: 6.7" Dynamic AMOLED, 120Hz refresh rate.\r\nProcessor: Octa-core 3.0 GHz.\r\nStorage: 128GB, expandable up to 512GB.\r\nBattery: 4500mAh, 45W fast charging.\r\nCamera: 50MP triple-camera system.\r\nConnectivity: 5G, Wi-Fi 6E, Bluetooth 5.2.\r\nOS: Android 14 with One UI 6.\r\nColour: Onyx Black.','\r',char(13)),'\n',char(10)),799.99000000000000908,4.7999999999999998223,NULL,'SAMSUNG_Galaxy_S24_-_128_GB_Onyx_Black.webp',10);
INSERT INTO products_product VALUES(179,'SAM-S24U-TB-005','SAMSUNG Galaxy S24 Ultra - 256 GB',replace(replace('Display: 6.8" Dynamic AMOLED, 120Hz refresh rate.\r\nProcessor: Octa-core 3.2 GHz.\r\nStorage: 256GB, expandable up to 1TB.\r\nBattery: 5000mAh, 45W fast charging.\r\nCamera: 108MP quad-camera system.\r\nConnectivity: 5G, Wi-Fi 6E, Bluetooth 5.2.\r\nOS: Android 14 with One UI 6.\r\nColour: Titanium Black.','\r',char(13)),'\n',char(10)),1199.9900000000000091,4.9000000000000003552,NULL,'SAMSUNG_Galaxy_S24_Ultra_-_256_GB_Titanium_Black.webp',10);
INSERT INTO products_product VALUES(180,'LEN-TAB-EXT-256-GR-006','LENOVO Tab Extreme 14.5 Tablet',replace(replace('Display: 14.5" OLED, 120Hz refresh rate.\r\nProcessor: Octa-core 3.05 GHz.\r\nStorage: 256GB, expandable via microSD.\r\nBattery: 12300mAh, 68W fast charging.\r\nCamera: 13MP rear, 8MP front camera.\r\nConnectivity: Wi-Fi 6, Bluetooth 5.3, USB Type-C.\r\nOS: Android 13.\r\nAccessories: Includes keyboard and pen.\r\nColour: Grey.','\r',char(13)),'\n',char(10)),999.99000000000000908,4.7000000000000001776,NULL,'LENOVO_Tab_Extreme_14.5_Tablet_with_Keyboard__Pen_-_256_GB_Grey.webp',11);
INSERT INTO products_product VALUES(181,'LEN-TAB-M10-64-GR-007','LENOVO Tab M10 10.1 Tablet - 64 GB',replace(replace('Display: 10.1" Full HD, IPS display.\r\nProcessor: Quad-core 2.0 GHz.\r\nStorage: 64GB, expandable via microSD.\r\nBattery: 4850mAh, 10-hour battery life.\r\nCamera: 8MP rear, 5MP front camera.\r\nConnectivity: Wi-Fi 5, Bluetooth 5.0, USB Type-C.\r\nOS: Android 11.\r\nColour: Grey.','\r',char(13)),'\n',char(10)),179.99000000000000909,4.2999999999999998223,NULL,'LENOVO_Tab_M10_10.1_Tablet_-_64_GB_Grey.webp',11);
INSERT INTO products_product VALUES(182,'LEN-TAB-P12-128-SG-008','LENOVO Tab P12 12.7 Tablet - 128 GB',replace(replace('Display: 12.7" 2K OLED, 120Hz refresh rate.\r\nProcessor: Octa-core 2.6 GHz.\r\nStorage: 128GB, expandable up to 1TB via microSD.\r\nBattery: 10200mAh, 30W fast charging.\r\nCamera: 13MP rear, 8MP front camera.\r\nConnectivity: Wi-Fi 6, Bluetooth 5.1, USB Type-C.\r\nOS: Android 13.\r\nColour: Storm Grey.','\r',char(13)),'\n',char(10)),349.9900000000000091,4.5,NULL,'LENOVO_Tab_P12_12.7_Tablet_-_128_GB_Storm_Grey.webp',11);
INSERT INTO products_product VALUES(183,'LEN-TAB-PL-128-LG-009','LENOVO Tab Plus 11.5 Tablet with Sleeve - 128 GB',replace(replace('Display: 11.5" OLED, 120Hz refresh rate.\r\nProcessor: Octa-core 2.5 GHz.\r\nStorage: 128GB, expandable via microSD.\r\nBattery: 7700mAh, 20W fast charging.\r\nCamera: 13MP rear, 8MP front camera.\r\nConnectivity: Wi-Fi 6, Bluetooth 5.2, USB Type-C.\r\nOS: Android 12.\r\nAccessories: Includes protective sleeve.\r\nColour: Luna Grey.','\r',char(13)),'\n',char(10)),299.99000000000000909,4.4000000000000003552,NULL,'LENOVO_Tab_Plus_11.5_Tablet_with_Sleeve_-_128_GB_Luna_Grey.webp',11);
INSERT INTO products_product VALUES(184,'SAM-TAB-A9P-64-SL-010','SAMSUNG Galaxy Tab A9+ 11 Tablet - 64 GB',replace(replace('Display: 11" TFT LCD, 90Hz refresh rate.\r\nProcessor: Octa-core 2.4 GHz.\r\nStorage: 64GB, expandable via microSD up to 1TB.\r\nBattery: 7040mAh, fast charging support.\r\nCamera: 8MP rear, 5MP front camera.\r\nConnectivity: Wi-Fi 5, Bluetooth 5.0, USB Type-C.\r\nOS: Android 13.\r\nColour: Silver.','\r',char(13)),'\n',char(10)),229.99000000000000909,4.2000000000000001776,NULL,'SAMSUNG_Galaxy_Tab_A9_11_Tablet_-_64_GB_Silver.webp',11);
INSERT INTO products_product VALUES(185,'SAM-TAB-S9FE-128-GR-011','SAMSUNG Galaxy Tab S9 FE 10.9 Tablet - 128 GB',replace(replace('Display: 10.9" LCD, 90Hz refresh rate.\r\nProcessor: Octa-core 2.6 GHz.\r\nStorage: 128GB, expandable via microSD up to 1TB.\r\nBattery: 8000mAh, fast charging support.\r\nCamera: 12MP rear, 8MP front camera.\r\nConnectivity: Wi-Fi 6, Bluetooth 5.2, USB Type-C.\r\nOS: Android 13.\r\nColour: Grey.','\r',char(13)),'\n',char(10)),499.99000000000000908,4.5999999999999996447,NULL,'SAMSUNG_Galaxy_Tab_S9_FE_10.9_Tablet_-_128_GB_Grey.webp',11);
INSERT INTO products_product VALUES(186,'APP-IPAD-102-64-SG-012','APPLE 10.2 iPad (2021) - 64 GB',replace(replace('Display: 10.2" Retina display.\r\nProcessor: A13 Bionic chip.\r\nStorage: 64GB internal storage.\r\nBattery: Up to 10 hours of battery life.\r\nCamera: 8MP rear, 12MP front camera with Center Stage.\r\nConnectivity: Wi-Fi 5, Bluetooth 4.2, Lightning port.\r\nOS: iPadOS 15.\r\nColour: Space Grey.','\r',char(13)),'\n',char(10)),319.99000000000000908,4.7000000000000001776,NULL,'APPLE_10.2_iPad_2021_-_64_GB_Space_Grey.webp',12);
INSERT INTO products_product VALUES(187,'APP-IPAD-109-64-BL-013','APPLE 10.9 iPad (2022) - 64 GB',replace(replace('Display: 10.9" Liquid Retina display.\r\nProcessor: A14 Bionic chip.\r\nStorage: 64GB internal storage.\r\nBattery: Up to 10 hours of battery life.\r\nCamera: 12MP rear, 12MP ultra-wide front camera.\r\nConnectivity: Wi-Fi 6, Bluetooth 5.0, USB Type-C.\r\nOS: iPadOS 16.\r\nColour: Blue.','\r',char(13)),'\n',char(10)),499.99000000000000908,4.7999999999999998223,NULL,'APPLE_10.9_iPad_2022_-_64_GB_Blue.webp',12);
INSERT INTO products_product VALUES(188,'APP-IPAD-109-64-PK-014','APPLE 10.9 iPad (2022) - 64 GB',replace(replace('Display: 10.9" Liquid Retina display.\r\nProcessor: A14 Bionic chip.\r\nStorage: 64GB internal storage.\r\nBattery: Up to 10 hours of battery life.\r\nCamera: 12MP rear, 12MP ultra-wide front camera.\r\nConnectivity: Wi-Fi 6, Bluetooth 5.0, USB Type-C.\r\nOS: iPadOS 16.\r\nColour: Pink.','\r',char(13)),'\n',char(10)),499.99000000000000908,4.7999999999999998223,NULL,'APPLE_10.9_iPad_2022_-_64_GB_Pink.webp',12);
INSERT INTO products_product VALUES(189,'APP-IPAD-AIR-109-64-SG-015','APPLE 10.9 iPad Air (2022) - 64 GB',replace(replace('Display: 10.9" Liquid Retina display.\r\nProcessor: M1 chip for powerful performance.\r\nStorage: 64GB internal storage.\r\nBattery: Up to 10 hours of battery life.\r\nCamera: 12MP rear, 12MP ultra-wide front camera with Center Stage.\r\nConnectivity: Wi-Fi 6, Bluetooth 5.0, USB Type-C.\r\nOS: iPadOS 16.\r\nColour: Space Grey.','\r',char(13)),'\n',char(10)),669.9900000000000091,4.9000000000000003552,NULL,'APPLE_10.9_iPad_Air_2022_-_64_GB_Space_Grey.webp',12);
INSERT INTO products_product VALUES(190,'APP-IPAD-AIR-11-128-SG-016','APPLE 11 iPad Air (2024) - 128 GB',replace(replace('Display: 11" Liquid Retina display.\r\nProcessor: M2 chip for next-level performance.\r\nStorage: 128GB internal storage.\r\nBattery: Up to 10 hours of battery life.\r\nCamera: 12MP rear, 12MP ultra-wide front camera with Center Stage.\r\nConnectivity: Wi-Fi 6E, Bluetooth 5.3, USB Type-C.\r\nOS: iPadOS 17.\r\nColour: Space Grey.','\r',char(13)),'\n',char(10)),749.99000000000000908,4.9000000000000003552,NULL,'APPLE_11_iPad_Air_2024_-_128_GB_Space_Grey.webp',12);
INSERT INTO products_product VALUES(191,'APP-IPAD-PRO-11-256-SB-017','APPLE 11 iPad Pro (2024) - 256 GB',replace(replace('Display: 11" Liquid Retina XDR display.\r\nProcessor: M3 chip for ultimate performance.\r\nStorage: 256GB internal storage.\r\nBattery: Up to 10 hours of battery life.\r\nCamera: 12MP dual rear, 12MP ultra-wide front camera with Center Stage.\r\nConnectivity: Wi-Fi 6E, Bluetooth 5.3, USB Type-C with Thunderbolt 4.\r\nOS: iPadOS 17.\r\nColour: Space Black.','\r',char(13)),'\n',char(10)),999.99000000000000908,4.9000000000000003552,NULL,'APPLE_11_iPad_Pro_2024_-_256_GB_Space_Black.webp',12);
INSERT INTO products_product VALUES(192,'APP-IPH14-128-BL-018','APPLE iPhone 14 - 128 GB',replace(replace('Display: 6.1" Super Retina XDR display.\r\nProcessor: A15 Bionic chip for fast and efficient performance.\r\nStorage: 128GB internal storage.\r\nBattery: Up to 20 hours of video playback.\r\nCamera: 12MP dual-camera system with Night Mode and 4K video.\r\nConnectivity: 5G, Wi-Fi 6, Bluetooth 5.3, MagSafe charging.\r\nOS: iOS 16.\r\nColour: Blue.','\r',char(13)),'\n',char(10)),849.99000000000000908,4.7999999999999998223,NULL,'APPLE_iPhone_14_-_128_GB_Blue.webp',13);
INSERT INTO products_product VALUES(193,'APP-IPH15-128-BL-019','APPLE iPhone 15 - 128 GB',replace(replace('Display: 6.1" Super Retina XDR display.\r\nProcessor: A16 Bionic chip for top-tier performance.\r\nStorage: 128GB internal storage.\r\nBattery: Up to 22 hours of video playback.\r\nCamera: 48MP main camera with advanced Night Mode and 4K video recording.\r\nConnectivity: 5G, Wi-Fi 6, Bluetooth 5.3, MagSafe wireless charging.\r\nOS: iOS 17.\r\nColour: Blue.','\r',char(13)),'\n',char(10)),949.99000000000000908,4.9000000000000003552,NULL,'APPLE_iPhone_15_-_128_GB_Blue.webp',13);
INSERT INTO products_product VALUES(194,'APP-IPH15-128-PK-020','APPLE iPhone 15 - 128 GB',replace(replace('Display: 6.1" Super Retina XDR display.\r\nProcessor: A16 Bionic chip for top-tier performance.\r\nStorage: 128GB internal storage.\r\nBattery: Up to 22 hours of video playback.\r\nCamera: 48MP main camera with advanced Night Mode and 4K video recording.\r\nConnectivity: 5G, Wi-Fi 6, Bluetooth 5.3, MagSafe wireless charging.\r\nOS: iOS 17.\r\nColour: Pink.','\r',char(13)),'\n',char(10)),949.99000000000000908,4.9000000000000003552,NULL,'APPLE_iPhone_15_-_128_GB_Pink.webp',13);
INSERT INTO products_product VALUES(195,'APP-IPH15-256-BK-021','APPLE iPhone 15 - 256 GB',replace(replace('Display: 6.1" Super Retina XDR display.\r\nProcessor: A16 Bionic chip for fast performance.\r\nStorage: 256GB internal storage.\r\nBattery: Up to 22 hours of video playback.\r\nCamera: 48MP main camera with Night Mode and 4K video recording.\r\nConnectivity: 5G, Wi-Fi 6, Bluetooth 5.3, MagSafe wireless charging.\r\nOS: iOS 17.\r\nColour: Black.','\r',char(13)),'\n',char(10)),1049.9900000000000091,4.9000000000000003552,NULL,'APPLE_iPhone_15_-_256_GB_Black.webp',13);
INSERT INTO products_product VALUES(196,'APP-IPH15P-128-BT-022','APPLE iPhone 15 Pro - 128 GB',replace(replace('Display: 6.1" Super Retina XDR display with ProMotion.\r\nProcessor: A17 Pro chip for unmatched performance.\r\nStorage: 128GB internal storage.\r\nBattery: Up to 23 hours of video playback.\r\nCamera: 48MP pro camera system with advanced Night Mode and ProRAW support.\r\nConnectivity: 5G, Wi-Fi 6E, Bluetooth 5.3, MagSafe wireless charging.\r\nOS: iOS 17.\r\nColour: Blue Titanium.','\r',char(13)),'\n',char(10)),1099.990000000000009,5,NULL,'APPLE_iPhone_15_Pro_-_128_GB_Blue_Titanium.webp',13);
INSERT INTO products_product VALUES(197,'APP-IPH15P-128-NT-023','APPLE iPhone 15 Pro - 128 GB',replace(replace('Display: 6.1" Super Retina XDR display with ProMotion.\r\nProcessor: A17 Pro chip for ultra-fast performance.\r\nStorage: 128GB internal storage.\r\nBattery: Up to 23 hours of video playback.\r\nCamera: 48MP pro camera system with Night Mode and ProRAW support.\r\nConnectivity: 5G, Wi-Fi 6E, Bluetooth 5.3, MagSafe wireless charging.\r\nOS: iOS 17.\r\nColour: Natural Titanium.','\r',char(13)),'\n',char(10)),1099.990000000000009,5,NULL,'APPLE_iPhone_15_Pro_-_128_GB_Natural_Titanium.webp',13);
INSERT INTO products_product VALUES(198,'APP-IPH15PM-256-BT-024','APPLE iPhone 15 Pro Max - 256 GB',replace(replace('Display: 6.7" Super Retina XDR display with ProMotion.\r\nProcessor: A17 Pro chip for ultimate performance.\r\nStorage: 256GB internal storage.\r\nBattery: Up to 29 hours of video playback.\r\nCamera: 48MP pro camera system with advanced Night Mode and ProRAW support.\r\nConnectivity: 5G, Wi-Fi 6E, Bluetooth 5.3, MagSafe wireless charging.\r\nOS: iOS 17.\r\nColour: Black Titanium.','\r',char(13)),'\n',char(10)),1299.9900000000000091,5,NULL,'APPLE_iPhone_15_Pro_Max_-_256_GB_Black_Titanium.webp',13);
INSERT INTO products_product VALUES(199,'APP-IPH15PM-256-NT-025','APPLE iPhone 15 Pro Max - 256 GB',replace(replace('Display: 6.7" Super Retina XDR display with ProMotion.\r\nProcessor: A17 Pro chip for top-tier performance.\r\nStorage: 256GB internal storage.\r\nBattery: Up to 29 hours of video playback.\r\nCamera: 48MP pro camera system with advanced Night Mode and ProRAW support.\r\nConnectivity: 5G, Wi-Fi 6E, Bluetooth 5.3, MagSafe wireless charging.\r\nOS: iOS 17.\r\nColour: Natural Titanium.','\r',char(13)),'\n',char(10)),1299.9900000000000091,5,NULL,'APPLE_iPhone_15_Pro_Max_-_256_GB_Natural_Titanium.webp',13);
INSERT INTO products_product VALUES(200,'APP-IPH16-128-UM-026','APPLE iPhone 16 - 128 GB',replace(replace('Display: 6.1" Super Retina XDR display.\r\nProcessor: A17 Bionic chip for smooth performance.\r\nStorage: 128GB internal storage.\r\nBattery: Up to 24 hours of video playback.\r\nCamera: 48MP main camera with Night Mode and 4K video recording.\r\nConnectivity: 5G, Wi-Fi 6E, Bluetooth 5.3, MagSafe wireless charging.\r\nOS: iOS 18.\r\nColour: Ultramarine.','\r',char(13)),'\n',char(10)),899.99000000000000908,4.9000000000000003552,NULL,'APPLE_iPhone_16_-_128_GB_Ultramarine.webp',13);
INSERT INTO products_product VALUES(201,'APP-IPH16P-128-DT-027','APPLE iPhone 16 Pro - 128 GB',replace(replace('Display: 6.1" Super Retina XDR display with ProMotion.\r\nProcessor: A18 Pro chip for blazing-fast performance.\r\nStorage: 128GB internal storage.\r\nBattery: Up to 23 hours of video playback.\r\nCamera: 48MP pro camera system with Night Mode and ProRAW support.\r\nConnectivity: 5G, Wi-Fi 6E, Bluetooth 5.3, MagSafe wireless charging.\r\nOS: iOS 18.\r\nColour: Desert Titanium.','\r',char(13)),'\n',char(10)),1099.990000000000009,5,NULL,'APPLE_iPhone_16_Pro_-_128_GB_Desert_Titanium.webp',13);
INSERT INTO products_product VALUES(202,'CAN-BGE21-BG-028','CANON BG-E21 Battery Grip',replace(replace('Compatibility: Designed for Canon EOS 6D Mark II.\r\nCapacity: Holds up to two LP-E6/LP-E6N batteries for extended shooting time.\r\nErgonomics: Enhanced grip for comfortable vertical shooting.\r\nFeatures: Additional shutter release, control dial, and autofocus button.\r\nBattery Life: Doubles battery life for long photography sessions.\r\nColour: Black.','\r',char(13)),'\n',char(10)),199.99000000000000908,4.7000000000000001776,NULL,'CANON_BG-E21_Battery_Grip.webp',14);
INSERT INTO products_product VALUES(203,'DUR-CEF14-CHG-029','DURACELL CEF14 4-Battery Charger with Batteries',replace(replace('Compatibility: Charges AA and AAA rechargeable batteries.\r\nIncluded: Comes with 2 AA and 2 AAA Duracell rechargeable batteries.\r\nCharging Time: Fully charges in 1-2 hours depending on battery capacity.\r\nSafety: Auto shut-off to prevent overcharging.\r\nLED Indicator: Displays charging status for each battery.\r\nColour: Black.','\r',char(13)),'\n',char(10)),34.99000000000000199,4.5999999999999996447,NULL,'DURACELL_CEF14_4-Battery_Charger_with_Batteries.webp',14);
INSERT INTO products_product VALUES(204,'DUR-CEF27-CHG-030','DURACELL CEF27 4-Battery Charger with Batteries',replace(replace('Compatibility: Charges both AA and AAA rechargeable batteries.\r\nIncluded: Comes with 4 AA Duracell rechargeable batteries.\r\nCharging Time: Fast charging, fully charges in 1-2 hours depending on battery capacity.\r\nSafety: Overcharge protection with auto shut-off feature.\r\nLED Indicator: Individual indicators for each battery''s charging status.\r\nColour: Black.','\r',char(13)),'\n',char(10)),39.99000000000000199,4.7000000000000001776,NULL,'DURACELL_CEF27_4-Battery_Charger_with_Batteries.webp',14);
INSERT INTO products_product VALUES(205,'DUR-DL2025-LIT-031','DURACELL DL2025-CR2025-ECR2025 Lithium Batteries',replace(replace('Type: Lithium coin cell batteries (2025).\r\nCompatibility: Ideal for key fobs, watches, remotes, and other small electronic devices.\r\nVoltage: 3V per battery.\r\nPackaging: Pack of 2 batteries.\r\nLongevity: High energy density for long-lasting power.\r\nSafety: Child-safe packaging with bitter coating to prevent accidental ingestion.','\r',char(13)),'\n',char(10)),4.9900000000000002131,4,NULL,'DURACELL_DL2025-CR2025-ECR2025_Lithium_Batteries.webp',14);
INSERT INTO products_product VALUES(206,'DUR-HR9V-1604-NIMH-032','DURACELL HR9V-DC1604 9V Rechargeable NiMH Battery',replace(replace('Type: 9V Rechargeable NiMH battery.\r\nCompatibility: Suitable for smoke detectors, toys, and wireless microphones.\r\nCapacity: 170mAh for long-lasting power.\r\nRechargeable: Can be recharged hundreds of times.\r\nVoltage: 9V output.\r\nLongevity: Retains charge for up to one year in storage.','\r',char(13)),'\n',char(10)),12.990000000000000212,4.7000000000000001776,NULL,'DURACELL_HR9V-DC1604_9V_Rechargeable_NiMH_Battery.webp',14);
INSERT INTO products_product VALUES(207,'BEA-SOLO3-WIRE-BK-033','BEATS Solo 3 Wireless Bluetooth Headphones',replace(replace('Connectivity: Bluetooth with Apple W1 chip for seamless pairing.\r\nBattery Life: Up to 40 hours of wireless playback on a single charge.\r\nFast Fuel: 5 minutes of charging provides 3 hours of playback.\r\nSound: Fine-tuned acoustics for maximum clarity, breadth, and balance.\r\nDesign: Adjustable, cushioned ear cups for all-day comfort.\r\nFeatures: Integrated on-ear controls for music, calls, and voice assistant.\r\nColour: Black.','\r',char(13)),'\n',char(10)),179.99000000000000909,4.7999999999999998223,NULL,'BEATS_Solo_3_Wireless_Bluetooth_Headphones_-_Black.webp',15);
INSERT INTO products_product VALUES(208,'BEA-SOLO4-WIRE-BL-034','BEATS Solo 4 Wireless Bluetooth Headphones',replace(replace('Connectivity: Bluetooth with Apple H1 chip for seamless and fast pairing.\r\nBattery Life: Up to 50 hours of wireless playback.\r\nFast Fuel: 5-minute charge provides 3 hours of playback.\r\nSound: Precision-tuned acoustics for clear and dynamic sound.\r\nDesign: Lightweight, adjustable cushioned ear cups for enhanced comfort.\r\nFeatures: On-ear controls for calls, music, and voice assistant.\r\nColour: Blue.','\r',char(13)),'\n',char(10)),199.99000000000000908,4.9000000000000003552,NULL,'BEATS_Solo_4_Wireless_Bluetooth_Headphones_-_Blue.webp',15);
INSERT INTO products_product VALUES(209,'BEA-SOLO4-WIRE-PK-035','BEATS Solo 4 Wireless Bluetooth Headphones',replace(replace('Connectivity: Bluetooth with Apple H1 chip for fast, reliable pairing.\r\nBattery Life: Up to 50 hours of wireless playback.\r\nFast Fuel: 5-minute charge provides 3 hours of playback.\r\nSound: Precision-engineered acoustics for rich, balanced sound.\r\nDesign: Lightweight with adjustable cushioned ear cups for long-term comfort.\r\nFeatures: On-ear controls for music, calls, and voice assistant.\r\nColour: Pink.','\r',char(13)),'\n',char(10)),199.99000000000000908,4.9000000000000003552,NULL,'BEATS_Solo_4_Wireless_Bluetooth_Headphones_-_Pink.webp',15);
INSERT INTO products_product VALUES(210,'MON-M1012-WIRE-CLR-036','MONDO by Defunc M1012 Wireless Bluetooth Headphones',replace(replace('Connectivity: Bluetooth 5.0 for seamless wireless connection.\r\nBattery Life: Up to 35 hours of wireless playback on a single charge.\r\nCharging: USB Type-C fast charging support.\r\nSound: High-definition sound with enhanced bass for a balanced audio experience.\r\nDesign: Sleek and transparent design with soft, cushioned ear cups.\r\nFeatures: Integrated on-ear controls for music and calls.\r\nColour: Clear.','\r',char(13)),'\n',char(10)),149.99000000000000908,4.5999999999999996447,NULL,'MONDO_by_Defunc_M1012_Wireless_Bluetooth_Headphones_-_Clear.webp',15);
INSERT INTO products_product VALUES(211,'SON-WHCH520B-WIRE-BK-037','SONY WH-CH520B Wireless Bluetooth Headphones',replace(replace('Connectivity: Bluetooth 5.0 for wireless connection with multipoint pairing.\r\nBattery Life: Up to 50 hours of wireless playback on a single charge.\r\nCharging: Quick charge support — 3 minutes charge for 1.5 hours playback.\r\nSound: Clear and balanced sound with Sony''s Digital Sound Enhancement Engine (DSEE).\r\nDesign: Lightweight with adjustable headband and soft ear cups for comfort.\r\nFeatures: Built-in microphone, on-ear controls for calls, music, and voice assistant.\r\nColour: Black.','\r',char(13)),'\n',char(10)),59.99000000000000199,4.7000000000000001776,NULL,'SONY_WH-CH520B_Wireless_Bluetooth_Headphones_-_Black.webp',15);
INSERT INTO products_product VALUES(212,'SON-WHCH520C-WIRE-BE-038','SONY WH-CH520C Wireless Bluetooth Headphones',replace(replace('Connectivity: Bluetooth 5.0 with multipoint pairing for seamless wireless connection.\r\nBattery Life: Up to 50 hours of wireless playback.\r\nCharging: Quick charge — 3 minutes charge for 1.5 hours playback.\r\nSound: Enhanced sound with Sony''s Digital Sound Enhancement Engine (DSEE).\r\nDesign: Lightweight design with adjustable headband and cushioned ear cups for comfort.\r\nFeatures: Built-in microphone and on-ear controls for calls, music, and voice assistant.\r\nColour: Beige.','\r',char(13)),'\n',char(10)),59.99000000000000199,4.7000000000000001776,NULL,'SONY_WH-CH520C_Wireless_Bluetooth_Headphones_-_Beige.webp',15);
INSERT INTO products_product VALUES(213,'SON-WHCH520W-WIRE-WH-039','SONY WH-CH520W Wireless Bluetooth Headphones',replace(replace('Connectivity: Bluetooth 5.0 with multipoint pairing for seamless wireless connection.\r\nBattery Life: Up to 50 hours of wireless playback.\r\nCharging: Quick charge — 3 minutes of charging for 1.5 hours playback.\r\nSound: Enhanced sound with Sony''s Digital Sound Enhancement Engine (DSEE).\r\nDesign: Lightweight, adjustable headband with cushioned ear cups for long-lasting comfort.\r\nFeatures: Built-in microphone and on-ear controls for calls, music, and voice assistant.\r\nColour: White.','\r',char(13)),'\n',char(10)),59.99000000000000199,4.7000000000000001776,NULL,'SONY_WH-CH520W_Wireless_Bluetooth_Headphones_-_White.webp',15);
INSERT INTO products_product VALUES(214,'APP-20W-USBC-040','APPLE 20 W USB Type-C Power Adapter',replace(replace('Power Output: 20 W fast charging via USB Type-C.\r\nCompatibility: Works with iPhone, iPad, and other USB Type-C enabled devices.\r\nDesign: Compact and lightweight for easy portability.\r\nCharging: Supports fast charging for iPhone 8 and later models.\r\nSafety: Built-in protection against overcharging and overheating.\r\nColour: White.','\r',char(13)),'\n',char(10)),19.989999999999998436,4.9000000000000003552,NULL,'APPLE_20_W_USB_Type-C_Power_Adapter.webp',16);
INSERT INTO products_product VALUES(215,'APP-LIGHT-USB-041','APPLE Lightning to USB Adapter',replace(replace('Compatibility: Connects iPhone, iPad, or iPod with Lightning connector to USB devices.\r\nUse: Supports syncing and charging with USB-enabled devices.\r\nDesign: Compact, lightweight, and portable.\r\nFeatures: Ideal for transferring photos, videos, and files between Apple devices and USB storage.\r\nDurability: Built for long-lasting use with high-quality materials.\r\nColour: White.','\r',char(13)),'\n',char(10)),29.989999999999998436,4.7999999999999998223,NULL,'APPLE_Lightning_to_USB_Adapter.webp',16);
INSERT INTO products_product VALUES(216,'BEL-DUAL24W-CAR-042','BELKIN Dual 24 W USB Car Charger',replace(replace('Power Output: 24 W total (12 W per USB port), fast charging for two devices simultaneously.\r\nCompatibility: Works with smartphones, tablets, and other USB-powered devices.\r\nDesign: Compact and durable, perfect for in-car charging.\r\nSafety: Built-in protection against overcharging and overheating.\r\nFeatures: Dual USB ports for charging multiple devices at once.\r\nColour: Black.','\r',char(13)),'\n',char(10)),24.989999999999998436,4.7000000000000001776,NULL,'BELKIN_Dual_24_W_USB_Car_Charger.webp',16);
INSERT INTO products_product VALUES(217,'BEL-F7U080BT-USB-C-043','BELKIN F7U080btBLK Dual USB-C Aux and Charge Adapter',replace(replace('Compatibility: Designed for devices with USB-C ports, perfect for smartphones and tablets.\r\nDual Functionality: Supports simultaneous audio playback and fast charging via two USB-C ports.\r\nPower Output: Up to 60 W Power Delivery for rapid charging.\r\nDesign: Slim, portable, and durable design for easy use on the go.\r\nAudio: High-quality digital audio pass-through for lossless sound.\r\nColour: Black.','\r',char(13)),'\n',char(10)),34.99000000000000199,4.5999999999999996447,NULL,'BELKIN_F7U080btBLK_Dual_USB-C_Aux_and_Charge_Adapter.webp',16);
INSERT INTO products_product VALUES(218,'APP-IMAC24-M3-512-SLV-044','APPLE iMac 4.5K 24 (2023) - M3, 512 GB SSD',replace(replace('Display: 24" Retina 4.5K display with P3 wide color gamut and True Tone technology.\r\nProcessor: Apple M3 chip for powerful and efficient performance.\r\nStorage: 512 GB SSD for fast load times and ample storage.\r\nMemory: 8 GB unified memory, expandable options available.\r\nGraphics: Integrated GPU for smooth graphics rendering and video editing.\r\nConnectivity: 2 Thunderbolt/USB 4 ports, 2 USB 3 ports, and Gigabit Ethernet.\r\nDesign: Sleek, ultra-thin profile in Silver.\r\nOS: macOS Ventura for a seamless, intuitive user experience.\r\nColour: Silver.','\r',char(13)),'\n',char(10)),1699.9900000000000091,5,NULL,'APPLE_iMac_4.5K_24_2023_-_M3_512_GB_SSD_Silver.webp',17);
INSERT INTO products_product VALUES(219,'ASUS-A3402WVAK-I5-1TB-WH-045','ASUS A3402WVAK-WPC127W 23.8 All-in-One PC - Intel® Core™ 5, 1 TB SSD',replace(replace('Display: 23.8" Full HD display with wide viewing angles and vibrant colours.\r\nProcessor: Intel® Core™ i5 for smooth multitasking and performance.\r\nStorage: 1 TB SSD for fast storage and quick boot times.\r\nMemory: 8 GB RAM, ideal for daily computing and light gaming.\r\nGraphics: Integrated Intel® UHD Graphics for crisp visuals.\r\nConnectivity: Multiple USB ports, HDMI, and Bluetooth 5.0.\r\nDesign: Sleek all-in-one design in white, with a slim bezel.\r\nOperating System: Windows 11 Home pre-installed for an optimized experience.\r\nColour: White','\r',char(13)),'\n',char(10)),899.99000000000000908,4.7999999999999998223,NULL,'ASUS_A3402WVAK-WPC127W_23.8_All-in-One_PC_-_Intel_Core_5_1_TB_SSD_White.webp',17);
INSERT INTO products_product VALUES(220,'HP-24CB1002NA-I5-512SSD-WH-046','HP 24-cb1002na 23.8 All-in-One PC - Intel® Core™ i5, 512 GB SSD',replace(replace('Display: 23.8" Full HD display with anti-glare technology for vibrant visuals.\r\nProcessor: Intel® Core™ i5 for powerful performance and smooth multitasking.\r\nStorage: 512 GB SSD for fast boot times and quick data access.\r\nMemory: 8 GB RAM, perfect for everyday computing tasks.\r\nGraphics: Integrated Intel® UHD Graphics for smooth video playback and casual gaming.\r\nConnectivity: USB 3.1, HDMI, and Bluetooth 5.0 for versatile connectivity.\r\nDesign: Stylish all-in-one design with a slim profile and clean white finish.\r\nOperating System: Windows 11 Home pre-installed.\r\nColour: White.','\r',char(13)),'\n',char(10)),849.99000000000000908,4.7000000000000001776,NULL,'HP_24-cb1002na_23.8_All-in-One_PC_-_Intel_Core_i5_512_GB_SSD_White.webp',17);
INSERT INTO products_product VALUES(221,'BEA-SOLO-BUDS-STG-047','BEATS Solo Buds Wireless Bluetooth Earbuds',replace(replace('Connectivity: Bluetooth 5.0 for seamless wireless pairing.\r\nBattery Life: Up to 8 hours of listening time on a single charge, with 24 hours using the charging case.\r\nFast Fuel: 5-minute charge provides 1 hour of playback.\r\nSound: Rich, high-quality sound with balanced bass and treble.\r\nDesign: Lightweight, ergonomic fit for all-day comfort.\r\nFeatures: Integrated controls for music, calls, and voice assistant.\r\nWater Resistance: Sweat and water-resistant (IPX4 rating) for active use.\r\nColour: Storm Grey.','\r',char(13)),'\n',char(10)),149.99000000000000908,4.7000000000000001776,NULL,'BEATS_Solo_Buds_Wireless_Bluetooth_Earbuds_-_Storm_Grey.webp',18);
INSERT INTO products_product VALUES(222,'JLAB-GOPOP-LIL-048','JLAB GO Air POP Wireless Bluetooth Earbuds',replace(replace('Connectivity: Bluetooth 5.1 for easy, stable wireless connection.\r\nBattery Life: Up to 8 hours of listening time, with 32 hours using the charging case.\r\nCharging: Integrated charging cable for convenience.\r\nSound: Custom EQ3 sound settings for balanced audio quality.\r\nDesign: Lightweight and compact with a comfortable in-ear fit.\r\nFeatures: Touch controls for music, calls, and voice assistant.\r\nWater Resistance: IPX4 rating for sweat and water resistance.\r\nColour: Lilac.','\r',char(13)),'\n',char(10)),19.989999999999998436,4.5999999999999996447,NULL,'JLAB_GO_Air_POP_Wireless_Bluetooth_Earbuds_-_Lilac.webp',18);
INSERT INTO products_product VALUES(223,'JLAB-GOPOP-SLT-049','JLAB GO Air POP Wireless Bluetooth Earbuds',replace(replace('Connectivity: Bluetooth 5.1 for a stable wireless connection.\r\nBattery Life: Up to 8 hours of listening time, with a total of 32 hours using the charging case.\r\nCharging: Built-in charging cable for added convenience.\r\nSound: Custom EQ3 sound settings for balanced audio performance.\r\nDesign: Lightweight, compact design with a snug in-ear fit.\r\nFeatures: Touch controls for music, calls, and voice assistant.\r\nWater Resistance: IPX4 rated for sweat and water resistance.\r\nColour: Slate.','\r',char(13)),'\n',char(10)),19.989999999999998436,4.5999999999999996447,NULL,'JLAB_GO_Air_POP_Wireless_Bluetooth_Earbuds_-_Slate.webp',18);
INSERT INTO products_product VALUES(224,'JLAB-GOPOP-TEAL-050','JLAB GO Air POP Wireless Bluetooth Earbuds',replace(replace('Connectivity: Bluetooth 5.1 for a stable wireless connection.\r\nBattery Life: Up to 8 hours of listening time, with a total of 32 hours using the charging case.\r\nCharging: Integrated charging cable for added convenience.\r\nSound: Custom EQ3 sound settings for optimized audio quality.\r\nDesign: Lightweight, compact, and ergonomic in-ear fit.\r\nFeatures: Touch controls for music, calls, and voice assistant.\r\nWater Resistance: IPX4 rated for sweat and water resistance.\r\nColour: Teal.','\r',char(13)),'\n',char(10)),19.989999999999998436,4.7999999999999998223,NULL,'JLAB_GO_Air_POP_Wireless_Bluetooth_Earbuds_-_Teal.webp',18);
INSERT INTO products_product VALUES(225,'ACER-N50-650-I5-RTX4060-051','ACER Nitro N50-650 Gaming PC - Intel® Core™ i5, RTX 4060, 1 TB SSD',replace(replace('Processor: Intel® Core™ i5-12400F for fast and efficient gaming performance.\r\nGraphics: NVIDIA GeForce RTX 4060 with ray tracing and AI-enhanced graphics.\r\nStorage: 1 TB SSD for lightning-fast load times and ample storage space.\r\nMemory: 16 GB DDR4 RAM, ideal for multitasking and heavy gaming.\r\nCooling: Advanced cooling system for optimal performance during intense gameplay.\r\nConnectivity: Multiple USB 3.1 ports, HDMI, DisplayPort, and Gigabit Ethernet.\r\nDesign: Sleek and aggressive design with RGB lighting for a true gaming aesthetic.\r\nOperating System: Windows 11 Home pre-installed.\r\nColour: Black.','\r',char(13)),'\n',char(10)),1199.9900000000000091,4.7999999999999998223,NULL,'ACER_Nitro_N50-650_Gaming_PC_-_Intel_Core_i5_RTX_4060_1_TB_SSD.webp',19);
INSERT INTO products_product VALUES(226,'HP-OMEN-25L-I5-4060TI-052','HP OMEN 25L Gaming Desktop PC, RTX 4060 Ti 8GB, Intel® Core™ i5, 16GB DDR5 RAM, 1TB SSD',replace(replace('Processor: Intel® Core™ i5-13400F for smooth, high-performance gaming.\r\nGraphics: NVIDIA GeForce RTX 4060 Ti 8GB for ultra-realistic visuals and ray tracing support.\r\nStorage: 1 TB SSD for fast boot-up and plenty of storage for games and media.\r\nMemory: 16 GB DDR5 RAM, perfect for multitasking and demanding games.\r\nCooling: Enhanced cooling system to maintain performance during intensive gaming sessions.\r\nConnectivity: Multiple USB ports, HDMI, DisplayPort, and Gigabit Ethernet for versatile connectivity.\r\nDesign: Sleek, compact case with RGB lighting and a transparent side panel for a premium look.\r\nOperating System: Windows 11 Home pre-installed for a modern gaming experience.\r\nColour: Black.','\r',char(13)),'\n',char(10)),1499.990000000000009,4.9000000000000003552,NULL,'HP_OMEN_25L_Gaming_Desktop_PC_RTX_4060_Ti_8GB_Intel_Core_i5_16GB_DDR5_RAM_1TB_SSD.webp',19);
INSERT INTO products_product VALUES(227,'HP-VICTUS-15L-R5-3050-053','HP Victus 15L Gaming Desktop PC, AMD Ryzen 5, RTX 3050 8GB',replace(replace('Processor: AMD Ryzen 5 5600G for solid performance and multitasking capabilities.\r\nGraphics: NVIDIA GeForce RTX 3050 8GB for smooth gameplay with real-time ray tracing.\r\nStorage: 512GB SSD for fast load times and reliable storage.\r\nMemory: 8GB DDR4 RAM, great for gaming and general use.\r\nCooling: Optimized thermal design to maintain performance during extended gaming sessions.\r\nConnectivity: Multiple USB ports, HDMI, DisplayPort, and Gigabit Ethernet.\r\nDesign: Compact case with a clean, modern look, perfect for any setup.\r\nOperating System: Windows 11 Home pre-installed for an up-to-date gaming experience.\r\nColour: Black.','\r',char(13)),'\n',char(10)),999.99000000000000908,4.5999999999999996447,NULL,'HP_Victus_15L_Gaming_Desktop_PC_AMD_Ryzen_5_RTX_3050_8GB_512GB_SSD.webp',19);
INSERT INTO products_product VALUES(228,'GOO-PIX7PRO-128-HZL-054','GOOGLE Pixel 7 Pro - 128 GB, Hazel',replace(replace('Display: 6.7" QHD+ OLED with 120Hz refresh rate for ultra-smooth scrolling.\r\nProcessor: Google Tensor G2 chip for enhanced performance and AI capabilities.\r\nStorage: 128 GB internal storage, ample space for apps, media, and files.\r\nCamera: Triple rear camera system with 50MP wide, 48MP telephoto, and 12MP ultra-wide lenses for stunning photography.\r\nBattery: 5000mAh with fast charging and wireless charging support.\r\nOperating System: Android 13 with exclusive Pixel features.\r\nConnectivity: 5G, Wi-Fi 6E, Bluetooth 5.2, and USB Type-C.\r\nDesign: Sleek, premium build in Hazel colour.','\r',char(13)),'\n',char(10)),849.99000000000000908,4.7999999999999998223,NULL,'GOOGLE_Pixel_7_Pro_-_128_GB_Hazel.webp',20);
INSERT INTO products_product VALUES(229,'GOO-PIX8-128-OBS-055','GOOGLE Pixel 8 - 128 GB, Obsidian',replace(replace('Display: 6.2" OLED with a 120Hz refresh rate for smooth and vibrant visuals.\r\nProcessor: Google Tensor G3 chip for lightning-fast performance and advanced AI.\r\nStorage: 128 GB internal storage for apps, photos, and files.\r\nCamera: Dual rear camera setup with 50MP wide and 12MP ultra-wide lenses for sharp, detailed photos.\r\nBattery: 4500mAh with fast charging and wireless charging support.\r\nOperating System: Android 14 with the latest Google Pixel features and updates.\r\nConnectivity: 5G, Wi-Fi 6E, Bluetooth 5.3, and USB Type-C.\r\nDesign: Premium build with a sleek Obsidian finish.','\r',char(13)),'\n',char(10)),699.99000000000000908,4.9000000000000003552,NULL,'GOOGLE_Pixel_8_-_128_GB_Obsidian.webp',20);
INSERT INTO products_product VALUES(230,'GOO-PIX8-256-HZL-056','GOOGLE Pixel 8 - 256 GB, Hazel',replace(replace('Display: 6.2" OLED with a 120Hz refresh rate for smooth scrolling and sharp visuals.\r\nProcessor: Google Tensor G3 chip for fast performance and AI-powered features.\r\nStorage: 256 GB internal storage for apps, media, and files.\r\nCamera: Dual rear camera system featuring 50MP wide and 12MP ultra-wide lenses for stunning photos.\r\nBattery: 4500mAh with fast charging and wireless charging support.\r\nOperating System: Android 14 with exclusive Google Pixel software features.\r\nConnectivity: 5G, Wi-Fi 6E, Bluetooth 5.3, and USB Type-C.\r\nDesign: Premium build in Hazel finish, combining style and durability.','\r',char(13)),'\n',char(10)),749.99000000000000908,4.9000000000000003552,NULL,'GOOGLE_Pixel_8_-_256_GB_Hazel.webp',20);
INSERT INTO products_product VALUES(231,'GOO-PIX8-256-OBS-057','GOOGLE Pixel 8 - 256 GB, Obsidian',replace(replace('Display: 6.2" OLED with 120Hz refresh rate for smooth and sharp visuals.\r\nProcessor: Google Tensor G3 chip for high-speed performance and advanced AI capabilities.\r\nStorage: 256 GB internal storage for all your apps, photos, and media.\r\nCamera: Dual rear camera system with 50MP wide and 12MP ultra-wide lenses for stunning, detailed shots.\r\nBattery: 4500mAh battery with fast charging and wireless charging support.\r\nOperating System: Android 14 with exclusive Pixel features and latest updates.\r\nConnectivity: 5G, Wi-Fi 6E, Bluetooth 5.3, and USB Type-C.\r\nDesign: Sleek, durable design in a premium Obsidian finish.','\r',char(13)),'\n',char(10)),749.99000000000000908,4.9000000000000003552,NULL,'GOOGLE_Pixel_8_-_256_GB_Obsidian.webp',20);
INSERT INTO products_product VALUES(232,'GOO-PIX8-256-ROSE-058','GOOGLE Pixel 8 - 256 GB, Rose',replace(replace('Display: 6.2" OLED with 120Hz refresh rate for fluid visuals and vibrant colors.\r\nProcessor: Google Tensor G3 chip for fast, efficient performance and advanced AI capabilities.\r\nStorage: 256 GB internal storage for apps, photos, and media.\r\nCamera: Dual rear camera setup with 50MP wide and 12MP ultra-wide lenses for stunning photography.\r\nBattery: 4500mAh with fast charging and wireless charging support.\r\nOperating System: Android 14 with the latest Pixel-exclusive features.\r\nConnectivity: 5G, Wi-Fi 6E, Bluetooth 5.3, and USB Type-C.\r\nDesign: Premium design in Rose finish, combining elegance with durability.','\r',char(13)),'\n',char(10)),749.99000000000000908,4.9000000000000003552,NULL,'GOOGLE_Pixel_8_-_256_GB_Rose.webp',20);
INSERT INTO products_product VALUES(233,'GOO-PIX9-256-PORC-059','GOOGLE Pixel 9 - 256 GB, Porcelain',replace(replace('Display: 6.4" OLED with a 120Hz refresh rate for ultra-smooth scrolling and vivid visuals.\r\nProcessor: Google Tensor G4 chip for powerful performance and enhanced AI features.\r\nStorage: 256 GB internal storage, perfect for storing apps, media, and files.\r\nCamera: Dual rear camera system with 50MP wide and 12MP ultra-wide lenses for superior photography.\r\nBattery: 4700mAh with fast charging and wireless charging capabilities.\r\nOperating System: Android 15 with the latest Google Pixel features and updates.\r\nConnectivity: 5G, Wi-Fi 7, Bluetooth 5.4, and USB Type-C.\r\nDesign: Sleek and premium build in a stylish Porcelain finish.','\r',char(13)),'\n',char(10)),799.99000000000000908,4.9000000000000003552,NULL,'GOOGLE_Pixel_9_-_256_GB_Porcelain.webp',20);
INSERT INTO products_product VALUES(234,'SONY-HTA8000-11.0-060','SONY BRAVIA Theatre Bar 8 (HT-A8000) 11.0 Sound Bar with Dolby Atmos',replace(replace('Audio: 11.0 channel surround sound for immersive audio experience.\r\nDolby Atmos: 3D surround sound with precise spatial audio positioning.\r\nCompatibility: Works seamlessly with BRAVIA TVs for integrated sound and picture experience.\r\nSound Features: Built-in subwoofers and up-firing speakers for deep bass and expansive soundscapes.\r\nConnectivity: HDMI eARC, Bluetooth, Wi-Fi, USB, and optical input.\r\nSmart Features: Voice control compatibility with Google Assistant and Alexa.\r\nDesign: Sleek, minimalist design that complements any living room setup.\r\nColour: Black.','\r',char(13)),'\n',char(10)),1199.9900000000000091,4.9000000000000003552,NULL,'SONY_BRAVIA_Theatre_Bar_8_HT-A8000_11.0_Sound_Bar_with_Dolby_Atmos.webp',21);
INSERT INTO products_product VALUES(235,'SONY-HTA9000-13.0-061','SONY BRAVIA Theatre Bar 9 (HT-A9000) 13.0 Sound Bar with Dolby Atmos',replace(replace('Audio: 13.0 channel surround sound for an exceptional, immersive home theatre experience.\r\nDolby Atmos: Advanced 3D sound with precise spatial audio for cinematic soundscapes.\r\nCompatibility: Perfectly integrates with SONY BRAVIA TVs for synchronized audio-visual performance.\r\nSound Features: Dual subwoofers and up-firing speakers, delivering rich bass and dynamic sound.\r\nConnectivity: HDMI eARC, Bluetooth, Wi-Fi, USB, and optical input for versatile connectivity.\r\nSmart Features: Voice control support with Google Assistant and Amazon Alexa for hands-free operation.\r\nDesign: Sleek, modern design with a premium finish that enhances any living space.\r\nColour: Black.','\r',char(13)),'\n',char(10)),1499.990000000000009,5,NULL,'SONY_BRAVIA_Theatre_Bar_9_HT-A9000_13.0_Sound_Bar_with_Dolby_Atmos.webp',21);
INSERT INTO products_product VALUES(236,'SONY-HTA9M2-4.0.4-GRY-062','SONY BRAVIA Theatre Quad (HTA9M2) 4.0.4 Home Cinema System',replace(replace('Audio: 4.0.4 channel surround sound for a powerful and immersive cinematic experience.\r\nDolby Atmos: Advanced 3D surround sound with upward-firing speakers for lifelike spatial audio.\r\nSound Features: Four independent speakers with dual subwoofers for deep bass and balanced sound.\r\nCompatibility: Works seamlessly with BRAVIA TVs for a synchronized sound and visual experience.\r\nConnectivity: HDMI eARC, Bluetooth, Wi-Fi, and optical inputs for versatile device connections.\r\nSmart Features: Voice assistant compatibility with Google Assistant and Amazon Alexa for hands-free control.\r\nDesign: Elegant and minimalist design in a sleek grey finish, ideal for modern home setups.\r\nColour: Grey.','\r',char(13)),'\n',char(10)),1799.9900000000000091,5,NULL,'SONY_BRAVIA_Theatre_Quad_HTA9M2_4.0.4_Home_Cinema_System_with_Dolby_Atmos_-_Grey.webp',21);
INSERT INTO products_product VALUES(237,'SONY-HTAN7-NECKBAND-BLK-063','SONY BRAVIA Theatre U (HTAN7) Neckband with Dolby Atmos - Black',replace(replace('Audio: Dolby Atmos technology for immersive surround sound experience directly from a neckband.\r\nComfort: Ergonomically designed for long-lasting comfort with a lightweight build.\r\nSound Features: Upward-firing speakers for precise spatial audio, simulating 3D soundscapes.\r\nConnectivity: Bluetooth 5.2 for seamless wireless audio streaming and low-latency listening.\r\nBattery Life: Up to 12 hours of playback on a single charge with fast charging support.\r\nVoice Assistant: Compatible with Google Assistant and Amazon Alexa for hands-free control.\r\nDesign: Sleek and modern design in black, perfect for personal audio without disturbing others.\r\nColour: Black.','\r',char(13)),'\n',char(10)),249.9900000000000091,4.7999999999999998223,NULL,'SONY_BRAVIA_Theatre_U_HTAN7_Neckband_with_Dolby_Atmos_-_Black.webp',21);
INSERT INTO products_product VALUES(238,'SONY-HTAX7-2.1-LGRY-064','SONY HT-AX7 2.1 Portable Theatre System',replace(replace('Audio: 2.1 channel portable theatre system for rich, cinematic sound.\r\nSound Features: Built-in subwoofer for deep bass and immersive audio.\r\nPortability: Compact and portable design, perfect for on-the-go entertainment.\r\nConnectivity: Bluetooth 5.1 for easy wireless connection with low latency.\r\nBattery Life: Up to 30 hours of playback on a full charge, ideal for extended use.\r\nDolby Atmos: Supports spatial sound for an enhanced home theatre experience.\r\nDesign: Lightweight, minimalist design in a sleek light grey finish.\r\nColour: Light Grey.','\r',char(13)),'\n',char(10)),399.99000000000000909,4.7000000000000001776,NULL,'SONY_HT-AX7_2.1_Portable_Theatre_System_-_Light_Grey.webp',21);
INSERT INTO products_product VALUES(239,'APP-IPAD-10.2-2021-64-SGRY-065','APPLE 10.2 iPad (2021) - 64 GB',replace(replace('Display: 10.2" Retina Display for vibrant and sharp visuals.\r\nProcessor: A13 Bionic chip for smooth performance and multitasking.\r\nStorage: 64 GB internal storage, ideal for apps, photos, and media.\r\nCamera: 8MP rear camera and 12MP ultra-wide front camera with Center Stage for better video calls.\r\nBattery: All-day battery life with up to 10 hours of usage on a single charge.\r\nOperating System: iPadOS 15 with powerful features for creativity and productivity.\r\nConnectivity: Wi-Fi, Bluetooth 4.2, and Lightning connector.\r\nDesign: Sleek and lightweight, with a durable aluminum body in Space Grey.','\r',char(13)),'\n',char(10)),319.99000000000000908,4.7999999999999998223,NULL,'APPLE_10.2_iPad_2021_-_64_GB_Space_Grey_DLy6TkN.webp',22);
INSERT INTO products_product VALUES(240,'APP-IPAD-10.9-2022-256-BLU-066','APPLE 10.9 iPad (2022) - 256 GB',replace(replace('Display: 10.9" Liquid Retina display with True Tone for vibrant and clear visuals.\r\nProcessor: A14 Bionic chip for fast performance and efficient multitasking.\r\nStorage: 256 GB internal storage, perfect for apps, games, photos, and media.\r\nCamera: 12MP ultra-wide front and rear cameras for sharp photos and video calls.\r\nBattery: All-day battery life with up to 10 hours of usage on a single charge.\r\nOperating System: iPadOS 16 with advanced features for productivity and creativity.\r\nConnectivity: Wi-Fi 6, Bluetooth 5.0, and USB-C for fast data transfers.\r\nDesign: Sleek, lightweight design with a durable aluminum body in a vibrant Blue finish.','\r',char(13)),'\n',char(10)),549.99000000000000908,4.9000000000000003552,NULL,'APPLE_10.9_iPad_2022_-_256_GB_Silver.webp',22);
INSERT INTO products_product VALUES(241,'APP-IPAD-AIR-10.9-2022-64-SGRY-067','APPLE 10.9 iPad Air (2022) - 64 GB',replace(replace('Display: 10.9" Liquid Retina display with True Tone and P3 wide color for stunning visuals.\r\nProcessor: M1 chip for exceptional performance and graphics.\r\nStorage: 64 GB internal storage, ideal for apps, media, and files.\r\nCamera: 12MP rear camera and 12MP ultra-wide front camera with Center Stage for video calls.\r\nBattery: Up to 10 hours of battery life, perfect for all-day usage.\r\nOperating System: iPadOS 16 with powerful productivity features.\r\nConnectivity: Wi-Fi 6, Bluetooth 5.0, and USB-C for fast charging and data transfer.\r\nDesign: Lightweight, sleek, and durable aluminum body in Space Grey.','\r',char(13)),'\n',char(10)),569.9900000000000091,4.7999999999999998223,NULL,'APPLE_10.9_iPad_Air_2022_-_64_GB_Space_Grey_SUTnd90.webp',22);
INSERT INTO products_product VALUES(242,'APP-MAC-AIR-13.6-2022-M2-256-MID-068','APPLE MacBook Air 13.6 2022 - M2 256 GB SSD Midnight',replace(replace('Display: 13.6" Liquid Retina display with True Tone for vibrant and detailed visuals.\r\nProcessor: Apple M2 chip for powerful performance and energy efficiency.\r\nStorage: 256 GB SSD for fast storage and quick boot times.\r\nMemory: 8 GB unified memory for smooth multitasking and app performance.\r\nBattery: Up to 18 hours of battery life on a single charge.\r\nCamera: 1080p FaceTime HD camera for high-quality video calls.\r\nOperating System: macOS Monterey, optimized for the M2 chip.\r\nConnectivity: MagSafe 3 charging, 2x Thunderbolt/USB 4 ports, and a headphone jack.\r\nDesign: Ultra-slim and lightweight design with a durable aluminum body in Midnight finish.','\r',char(13)),'\n',char(10)),1149.990000000000009,4.9000000000000003552,NULL,'APPLE_MacBook_Air_13.6_2022_-_M2_256_GB_SSD_Midnight.webp',22);
INSERT INTO products_product VALUES(243,'ASUS-VIVO-S5506MA-15.6-U9-1TB-BLU-069','ASUS Vivobook S 15 S5506MA 15.6 Laptop - Intel® Core™ Ultra 9, 1 TB SSD',replace(replace('Display: 15.6" Full HD display for clear and crisp visuals.\r\nProcessor: Intel® Core™ Ultra 9 for fast and powerful performance.\r\nStorage: 1 TB SSD for lightning-fast boot times and ample storage.\r\nMemory: 16 GB DDR5 RAM for seamless multitasking and smooth performance.\r\nGraphics: Intel® Iris® Xe graphics for everyday gaming and graphic tasks.\r\nBattery: Up to 12 hours of battery life on a single charge.\r\nOperating System: Windows 11 Home for enhanced productivity and performance.\r\nConnectivity: Wi-Fi 6, Bluetooth 5.2, USB-C, USB-A, HDMI, and headphone jack.\r\nDesign: Stylish and slim design with a durable aluminum chassis in a striking Blue finish.','\r',char(13)),'\n',char(10)),1299.9900000000000091,4.7000000000000001776,NULL,'ASUS_Vivobook_S_15_S5506MA_15.6_Laptop_-_Intel_Core_Ultra_9_1_TB_SSD_Blue.webp',22);
INSERT INTO products_product VALUES(244,'ASUS-ZEN-S14-14-U9-1TB-WHT-070','ASUS Zenbook S 14 14 Laptop – Intel® Core™ Ultra 9, 1 TB SSD',replace(replace('Display: 14" OLED display with stunning 2.8K resolution for vibrant visuals.\r\nProcessor: Intel® Core™ Ultra 9 for exceptional speed and performance.\r\nStorage: 1 TB SSD for quick boot times and ample storage capacity.\r\nMemory: 16 GB DDR5 RAM for smooth multitasking and efficient workflows.\r\nGraphics: Intel® Iris® Xe graphics for sharp images and enhanced productivity.\r\nBattery: Long-lasting battery with up to 15 hours of usage on a single charge.\r\nOperating System: Windows 11 Home for a seamless and productive user experience.\r\nConnectivity: Wi-Fi 6E, Bluetooth 5.3, USB-C, USB-A, and HDMI ports.\r\nDesign: Ultra-slim and lightweight design in a sleek White finish, with an eco-friendly build.','\r',char(13)),'\n',char(10)),1499.990000000000009,4.7999999999999998223,NULL,'ASUS_Zenbook_S_14_14_Laptop__Intel_Core_Ultra_9_1_TB_SSD_White.webp',22);
INSERT INTO products_product VALUES(245,'HP-15A-NB0502SA-15-CHRM-I3-128-SLV-071','HP 15a-nb0502sa 15. Chromebook Plus - Intel® Core™ i3, 128 GB SSD,',replace(replace('Display: 15.6" Full HD touchscreen display for crisp visuals and intuitive navigation.\r\nProcessor: Intel® Core™ i3 for reliable everyday performance.\r\nStorage: 128 GB SSD for fast boot times and quick access to files.\r\nMemory: 8 GB RAM for smooth multitasking and efficient operations.\r\nBattery: Up to 10 hours of battery life, perfect for all-day use.\r\nOperating System: Chrome OS with access to Android apps and Google services.\r\nConnectivity: Wi-Fi 6, Bluetooth 5.0, USB-C, USB-A, and HDMI ports.\r\nDesign: Lightweight and slim design with a sleek Silver finish, ideal for on-the-go productivity.','\r',char(13)),'\n',char(10)),499.99000000000000908,4.5999999999999996447,NULL,'HP_15a-nb0502sa_15._Chromebook_Plus_-_Intel_Core_i3_128_GB_SSD_Silver.webp',22);
INSERT INTO products_product VALUES(246,'HP-ENVY-X360-14-RYZ5-512-SLV-072','HP ENVY x360 14 2 in 1 Laptop - AMD Ryzen 5, 512 GB SSD',replace(replace('Display: 14" Full HD touchscreen with 360° hinge, perfect for use in laptop, tablet, or tent modes.\r\nProcessor: AMD Ryzen 5 for fast and smooth performance.\r\nStorage: 512 GB SSD for quick boot times and ample storage for files and apps.\r\nMemory: 8 GB RAM for seamless multitasking and productivity.\r\nGraphics: Integrated AMD Radeon™ Graphics for sharp visuals.\r\nBattery: Up to 13 hours of battery life, ideal for on-the-go use.\r\nOperating System: Windows 11 Home for a modern and efficient user experience.\r\nConnectivity: Wi-Fi 6, Bluetooth 5.0, USB-C, USB-A, HDMI ports, and fingerprint reader.\r\nDesign: Sleek, lightweight, and versatile design in a stylish Silver finish.','\r',char(13)),'\n',char(10)),849.99000000000000908,4.7000000000000001776,NULL,'HP_ENVY_x360_14_2_in_1_Laptop_-_AMD_Ryzen_5_512_GB_SSD_Silver.webp',22);
INSERT INTO products_product VALUES(247,'HP-PAV-16-AG0508SA-RYZ5-512-SBLU-073','HP Pavilion 16-ag0508sa 16 Laptop - AMD Ryzen 5, 512 GB SSD',replace(replace('Display: 16.1" Full HD display for immersive and sharp visuals.\r\nProcessor: AMD Ryzen 5 for efficient performance in everyday tasks and multitasking.\r\nStorage: 512 GB SSD for fast boot times and ample storage for apps, files, and media.\r\nMemory: 8 GB RAM for smooth multitasking and enhanced productivity.\r\nGraphics: Integrated AMD Radeon™ Graphics for great visual performance.\r\nBattery: Up to 9 hours of battery life, perfect for all-day use.\r\nOperating System: Windows 11 Home for a user-friendly and modern experience.\r\nConnectivity: Wi-Fi 6, Bluetooth 5.0, USB-C, USB-A, and HDMI ports for versatile connectivity.\r\nDesign: Slim and stylish design in a unique Sky Blue finish.','\r',char(13)),'\n',char(10)),799.99000000000000908,4.5999999999999996447,NULL,'HP_Pavilion_16-ag0508sa_16_Laptop_-_AMD_Ryzen_5_512_GB_SSD_Sky_Blue.webp',22);
CREATE TABLE IF NOT EXISTS "django_session" ("session_key" varchar(40) NOT NULL PRIMARY KEY, "session_data" text NOT NULL, "expire_date" datetime NOT NULL);
INSERT INTO django_session VALUES('9uv15f3t0umlaa33ebr0k6kk0k4hro75','.eJxVj0tuhDAQRO_Sa2Rhj_GHZfY5QRShxm6Ck2CPsFFmhLh7cDKb2bWqnp66dkDn0hbLgFuZKZbgsIQUh4XKnHyG_m2H_xt6uGLOP2n10AAW6LkWSnIljWCWS2lMA1umNeJCJ4x-CRGO9wb-3EOthlA1HJ6yEd0XxVr4T4wfibkUyxpGVhH2aDN7TZ6-Xx7sk2DGPFetkcJMolXoWmFRnS853drO6wvShGLi6iLNZEbSo3ZGdlY7bLm0XnfkuarSTDnX-XS7hvUOfduAw_Xcuh_HL54bYrQ:1sprrF:fb82nTE05wqT-6TIUa7Kc7mdkHaUJpwyGWOgdxSr-4o','2024-09-29 16:12:17.758000');
INSERT INTO django_session VALUES('krk54wiv0bmvvov8tdq4x8zze0r3ebuv','.eJxVj81uwyAQBt9lzxYCjPnxsfc8QVVZa1jXtDVEBiuporx7S5tLbqtvRiPtDdD7fKQ64VFXSjV6rDGnaaO65lBgfL3B_w0jnLGUS94DdIAVRmGkVtb2jjMlnXFWdHAU2hNu9Gtj2GKC-1sHf_GpoSm2joCnbUb_SamB8IHpPTOfU93jzJrCHrSwUw709fJwnwIrlrVlrZJ2kVyj59KhFkp5w90QTI-0oFyE7pVd7ExmNt6qwRmPXCgXzEBB6BYtVEr7n67nuH_DyO8_Ik9fpQ:1sqCQA:8a71D6HOnwCU73Ki5ypq5sg738zoeEBkNc8vM5NJy6U','2024-09-30 14:09:42.861000');
INSERT INTO django_session VALUES('2wjp79zgfi5oks5kkbnjiv1mlgqpyt20','.eJxVj81uxCAMBt_F5yiCLMHAsfc-QVVFDjgNbQOrQPqj1b57S7uXvVnfjEbyBcj7fKQ60VFXTjV6qjGnaeO65lDAPV3g_wYHZyrlM-8BOqAKTuKgtVGoRS-UNYi6g6PwnmjjX5vCFhNcnzv4i08NTbF1JNxtM_k3Tg2EV0ovufc51T3OfVP6Gy39Yw78_nBz7wIrlbVljRrMMghNXgyWtFTKo7BjwBPxQsMi9UmZxcyMM3qjRouehFQ24MhB6hYtXEr7n7_Ocf8GJzoo9MFTTEsGV_eDrz-u2mXJ:1sr63e:ek3WUL-0a6pLPndV02Ffvj7MfkhVLIi1dWXRntaJBY4','2024-10-03 01:34:10.937136');
INSERT INTO django_session VALUES('mpxt6cdlhpkxjmslbtybdf5aj3dfcoyj','.eJxVj81uhSAQRt9l1sYIgiDL7u8TNI0ZYay0FW4A-xPju_fS3s3dTeacnOQ7AK2NeygT7mWlULzF4mOYNiprdBnM8wH_Nxi4Ys5fMTloAAsYprjSiks5tr3WA-t5A3umFHCjm41u8wHOlwb-4lNFk68dBg-_Ge07hQrcG4bX2NoYSvJzW5X2TnN7iY4-nu7uQ2DFvNasFlwvvBvQdnzEgQlhVTdKp3qkBfnChl7oRc-kZmW1kKOy2DExOiXJsaFGM-Vc99P31acfMF0DGT9p8mGJYEraqQGL6bb-AKY0GH6ev5SaamE:1svzC7:kCpYhy0uAHo2ed19k7C4pk6ASlC0e9uHqjiZFdH7KgY','2024-10-16 13:15:07.175303');
INSERT INTO django_session VALUES('rqy2esffenkemxj4vblq773pzubk1xzt','eyJzYXZlX2luZm8iOmZhbHNlfQ:1swjcG:FVUnJrmxyjGFP-d3CVj-UgvLdSrgJ6O4dae9CuJgOr4','2024-10-18 14:49:12.162262');
CREATE TABLE IF NOT EXISTS "django_site" ("id" integer NOT NULL PRIMARY KEY AUTOINCREMENT, "name" varchar(50) NOT NULL, "domain" varchar(100) NOT NULL UNIQUE);
INSERT INTO django_site VALUES(1,'example.com','example.com');
CREATE TABLE IF NOT EXISTS "socialaccount_socialapp_sites" ("id" integer NOT NULL PRIMARY KEY AUTOINCREMENT, "socialapp_id" integer NOT NULL REFERENCES "socialaccount_socialapp" ("id") DEFERRABLE INITIALLY DEFERRED, "site_id" integer NOT NULL REFERENCES "django_site" ("id") DEFERRABLE INITIALLY DEFERRED);
CREATE TABLE IF NOT EXISTS "socialaccount_socialapp" ("id" integer NOT NULL PRIMARY KEY AUTOINCREMENT, "provider" varchar(30) NOT NULL, "name" varchar(40) NOT NULL, "client_id" varchar(191) NOT NULL, "secret" varchar(191) NOT NULL, "key" varchar(191) NOT NULL, "provider_id" varchar(200) NOT NULL, "settings" text NOT NULL CHECK ((JSON_VALID("settings") OR "settings" IS NULL)));
CREATE TABLE IF NOT EXISTS "socialaccount_socialtoken" ("id" integer NOT NULL PRIMARY KEY AUTOINCREMENT, "token" text NOT NULL, "token_secret" text NOT NULL, "expires_at" datetime NULL, "account_id" integer NOT NULL REFERENCES "socialaccount_socialaccount" ("id") DEFERRABLE INITIALLY DEFERRED, "app_id" integer NULL REFERENCES "socialaccount_socialapp" ("id") DEFERRABLE INITIALLY DEFERRED);
CREATE TABLE IF NOT EXISTS "socialaccount_socialaccount" ("id" integer NOT NULL PRIMARY KEY AUTOINCREMENT, "provider" varchar(200) NOT NULL, "uid" varchar(191) NOT NULL, "last_login" datetime NOT NULL, "date_joined" datetime NOT NULL, "user_id" integer NOT NULL REFERENCES "auth_user" ("id") DEFERRABLE INITIALLY DEFERRED, "extra_data" text NOT NULL CHECK ((JSON_VALID("extra_data") OR "extra_data" IS NULL)));
CREATE TABLE IF NOT EXISTS "wishlist_wishlist" ("id" integer NOT NULL PRIMARY KEY AUTOINCREMENT, "product_id" bigint NOT NULL REFERENCES "products_product" ("id") DEFERRABLE INITIALLY DEFERRED, "user_profile_id" bigint NOT NULL REFERENCES "profiles_userprofile" ("id") DEFERRABLE INITIALLY DEFERRED);
INSERT INTO wishlist_wishlist VALUES(29,178,1);
CREATE TABLE IF NOT EXISTS "checkout_orderlineitem" ("id" integer NOT NULL PRIMARY KEY AUTOINCREMENT, "quantity" integer NOT NULL, "lineitem_total" decimal NOT NULL, "order_id" bigint NOT NULL REFERENCES "checkout_order" ("id") DEFERRABLE INITIALLY DEFERRED, "product_id" bigint NOT NULL REFERENCES "products_product" ("id") DEFERRABLE INITIALLY DEFERRED, "product_colour" varchar(20) NULL);
INSERT INTO checkout_orderlineitem VALUES(25,1,799.99000000000000908,10,178,NULL);
INSERT INTO checkout_orderlineitem VALUES(26,1,449.99000000000000908,11,177,NULL);
INSERT INTO checkout_orderlineitem VALUES(27,1,449.99000000000000908,12,176,NULL);
INSERT INTO checkout_orderlineitem VALUES(28,1,799.99000000000000908,13,178,NULL);
INSERT INTO checkout_orderlineitem VALUES(29,1,249.9900000000000091,14,175,NULL);
INSERT INTO checkout_orderlineitem VALUES(30,1,449.99000000000000908,15,176,NULL);
INSERT INTO checkout_orderlineitem VALUES(31,1,249.9900000000000091,16,175,NULL);
INSERT INTO checkout_orderlineitem VALUES(32,1,249.9900000000000091,17,175,NULL);
INSERT INTO checkout_orderlineitem VALUES(33,1,249.9900000000000091,18,175,NULL);
INSERT INTO checkout_orderlineitem VALUES(34,1,799.99000000000000908,19,178,NULL);
INSERT INTO checkout_orderlineitem VALUES(35,1,1199.9900000000000091,20,234,NULL);
INSERT INTO checkout_orderlineitem VALUES(36,1,249.9900000000000091,21,175,NULL);
INSERT INTO checkout_orderlineitem VALUES(37,1,149.99000000000000908,22,221,NULL);
INSERT INTO checkout_orderlineitem VALUES(38,1,1199.9900000000000091,23,179,NULL);
INSERT INTO checkout_orderlineitem VALUES(39,1,249.9900000000000091,24,175,NULL);
INSERT INTO checkout_orderlineitem VALUES(40,1,449.99000000000000908,25,176,NULL);
INSERT INTO checkout_orderlineitem VALUES(41,1,249.9900000000000091,26,175,NULL);
CREATE TABLE IF NOT EXISTS "checkout_order" ("id" integer NOT NULL PRIMARY KEY AUTOINCREMENT, "full_name" varchar(50) NOT NULL, "email" varchar(254) NOT NULL, "phone_number" varchar(20) NOT NULL, "country" varchar(2) NOT NULL, "postcode" varchar(20) NULL, "town_or_city" varchar(40) NOT NULL, "street_address1" varchar(80) NOT NULL, "street_address2" varchar(80) NULL, "county" varchar(80) NULL, "date" datetime NOT NULL, "delivery_cost" decimal NOT NULL, "order_total" decimal NOT NULL, "grand_total" decimal NOT NULL, "original_cart" text NOT NULL, "stripe_pid" varchar(254) NOT NULL, "user_profile_id" bigint NULL REFERENCES "profiles_userprofile" ("id") DEFERRABLE INITIALLY DEFERRED, "order_reference" varchar(32) NOT NULL);
INSERT INTO checkout_order VALUES(1,'test','george.okwori@outlook.com','1235411','GB','cf11 8fw','anywhere','anywhere','','anywhere','2024-09-11',0,0,0,'','',1,'D427B438');
INSERT INTO checkout_order VALUES(2,'test','george.okwori@outlook.com','1235411','GB','cf11 8fw','anywhere','anywhere','','anywhere','2024-09-11',0,0,0,'','',1,'BC10E624');
INSERT INTO checkout_order VALUES(3,'test','george.okwori@outlook.com','1235411','GB','cf11 8fw','anywhere','anywhere','','anywhere','2024-09-11',0,0,0,'','',1,'0851DD7C');
INSERT INTO checkout_order VALUES(4,'test','george.okwori@outlook.com','1235411','GB','cf11 8fw','anywhere','anywhere','','anywhere','2024-09-11',0,0,0,'','',1,'57B8F1D3');
INSERT INTO checkout_order VALUES(5,'4rqd','george.okwori@outlook.com','1235411','GB','cf11 8fw','anywhere','anywhere','','anywhere','2024-09-11',0,0,0,'','',1,'F6E64FA7');
INSERT INTO checkout_order VALUES(6,'test','george.okwori@outlook.com','1235411','GB','cf11 8fw','anywhere','anywhere','','anywhere','2024-09-11',0,0,0,'','',1,'8C961C49');
INSERT INTO checkout_order VALUES(7,'test','george.okwori@outlook.com','1235411','GB','cf11 8fw','anywhere','anywhere','','anywhere','2024-09-11',0,0,0,'','',1,'6D976DC4');
INSERT INTO checkout_order VALUES(8,'test','george.okwori@outlook.com','1235411','GB','cf11 8fw','anywhere','anywhere','','anywhere','2024-09-11',0,0,0,'','',1,'F77B78F3');
INSERT INTO checkout_order VALUES(9,'test','george.okwori@outlook.com','1235411','GB','cf11 8fw','anywhere','anywhere','','anywhere','2024-09-12',0,0,0,'','',NULL,'7858601E');
INSERT INTO checkout_order VALUES(10,'test','george.okwori@outlook.com','1235411','GB','cf11 8fw','anywhere','anywhere','','anywhere','2024-09-18',0,799.99000000000000908,799.99000000000000908,'','',1,'48D58B70');
INSERT INTO checkout_order VALUES(11,'test','george.okwori@outlook.com','1235411','GB','cf11 8fw','anywhere','anywhere','','anywhere','2024-09-18',0,449.99000000000000908,449.99000000000000908,'','',1,'3A80B49C');
INSERT INTO checkout_order VALUES(12,'test','george.okwori@outlook.com','1235411','GB','cf11 8fw','anywhere','anywhere','','anywhere','2024-09-18',0,449.99000000000000908,449.99000000000000908,'','',1,'8F0434D3');
INSERT INTO checkout_order VALUES(13,'Test','george.okwori@outlook.com','1235411','GB','cf11 8fw','anywhere','anywhere','','anywhere','2024-09-18',0,799.99000000000000908,799.99000000000000908,'','',1,'206A5B18');
INSERT INTO checkout_order VALUES(14,'test','george.okwori@outlook.com','1235411','GB','cf11 8fw','anywhere','anywhere','','anywhere','2024-09-18',25,249.9900000000000091,274.9900000000000091,'','',1,'4D25451F');
INSERT INTO checkout_order VALUES(15,'test','george.okwori@outlook.com','1235411','GB','cf11 8fw','anywhere','anywhere','','anywhere','2024-09-18',0,449.99000000000000908,449.99000000000000908,'','',1,'0E8AF629');
INSERT INTO checkout_order VALUES(16,'test','george.okwori@outlook.com','1235411','GB','cf11 8fw','anywhere','anywhere','','anywhere','2024-09-18',25,249.9900000000000091,274.9900000000000091,'','',1,'F211D760');
INSERT INTO checkout_order VALUES(17,'test','george.okwori@outlook.com','1235411','GB','cf11 8fw','anywhere','anywhere','','anywhere','2024-09-18',25,249.9900000000000091,274.9900000000000091,'','',1,'E9177F30');
INSERT INTO checkout_order VALUES(18,'test','george.okwori@outlook.com','1235411','GB','cf11 8fw','anywhere','anywhere','','anywhere','2024-09-18',25,249.9900000000000091,274.9900000000000091,'','',1,'2873501A');
INSERT INTO checkout_order VALUES(19,'test','george.okwori@outlook.com','1235411','GB','cf11 8fw','anywhere','anywhere','','anywhere','2024-09-19',0,799.99000000000000908,799.99000000000000908,'','',1,'DC797670');
INSERT INTO checkout_order VALUES(20,'George Okwori','george.okwori@outlook.com','1235411','GB','cf11 8fw','anywhere','anywhere','','anywhere','2024-10-02',0,1199.9900000000000091,1199.9900000000000091,'','',1,'FF9D190E');
INSERT INTO checkout_order VALUES(21,'George Okwori','george.okwori@outlook.com','1235411','GB','cf11 8fw','anywhere','anywhere','','anywhere','2024-10-02',25,249.9900000000000091,274.9900000000000091,'','',1,'F1BD0852');
INSERT INTO checkout_order VALUES(22,'test','g.okwori@yorksj.ac.uk','02920197606','GB',NULL,'Cardiff','134 The boulevard',NULL,'Cardiff','2024-10-04 04:54:29.377789',15,149.99000000000000908,164.99000000000000908,'{"221": 1}','',NULL,'3F674A59CFA64087ADCBBE402F6E2664');
INSERT INTO checkout_order VALUES(23,'test','g.okwori@yorksj.ac.uk','02920197606','GB',NULL,'Cardiff','134 The boulevard',NULL,'Cardiff','2024-10-04 05:10:07.419574',0,1199.9900000000000091,1199.9900000000000091,'{"179": 1}','',NULL,'C7E4A1A6262B46C5A2AD730B3D373844');
INSERT INTO checkout_order VALUES(24,'test','g.okwori@yorksj.ac.uk','02920197606','GB',NULL,'Cardiff','134 The boulevard',NULL,'Cardiff','2024-10-04 05:38:17.553739',25,249.9900000000000091,274.9900000000000091,'{"175": 1}','',NULL,'4E34B552427C42B497D235A0504430B5');
INSERT INTO checkout_order VALUES(25,'test','g.okwori@yorksj.ac.uk','02920197606','GB',NULL,'Cardiff','134 The boulevard',NULL,'Cardiff','2024-10-04 14:13:23.923139',0,449.99000000000000908,449.99000000000000908,'{"176": 1}','',NULL,'AF1E3B9CC8104973811EF9B392079E2C');
INSERT INTO checkout_order VALUES(26,'test','g.okwori@yorksj.ac.uk','02920197606','GB',NULL,'Cardiff','134 The boulevard',NULL,'Cardiff','2024-10-04 14:49:12.107838',25,249.9900000000000091,274.9900000000000091,'{"175": 1}','',NULL,'E51711090A8740EE89C1B34CA691BB94');
DELETE FROM sqlite_sequence;
INSERT INTO sqlite_sequence VALUES('django_migrations',49);
INSERT INTO sqlite_sequence VALUES('account_emailaddress',3);
INSERT INTO sqlite_sequence VALUES('django_admin_log',298);
INSERT INTO sqlite_sequence VALUES('django_content_type',18);
INSERT INTO sqlite_sequence VALUES('auth_permission',72);
INSERT INTO sqlite_sequence VALUES('auth_group',0);
INSERT INTO sqlite_sequence VALUES('auth_user',3);
INSERT INTO sqlite_sequence VALUES('django_site',1);
INSERT INTO sqlite_sequence VALUES('socialaccount_socialapp',0);
INSERT INTO sqlite_sequence VALUES('socialaccount_socialtoken',0);
INSERT INTO sqlite_sequence VALUES('socialaccount_socialaccount',0);
INSERT INTO sqlite_sequence VALUES('profiles_userprofile',3);
INSERT INTO sqlite_sequence VALUES('products_category',34);
INSERT INTO sqlite_sequence VALUES('products_product',247);
INSERT INTO sqlite_sequence VALUES('wishlist_wishlist',29);
INSERT INTO sqlite_sequence VALUES('checkout_orderlineitem',41);
INSERT INTO sqlite_sequence VALUES('checkout_order',26);
CREATE UNIQUE INDEX "auth_group_permissions_group_id_permission_id_0cd325b0_uniq" ON "auth_group_permissions" ("group_id", "permission_id");
CREATE INDEX "auth_group_permissions_group_id_b120cbf9" ON "auth_group_permissions" ("group_id");
CREATE INDEX "auth_group_permissions_permission_id_84c5c92e" ON "auth_group_permissions" ("permission_id");
CREATE UNIQUE INDEX "auth_user_groups_user_id_group_id_94350c0c_uniq" ON "auth_user_groups" ("user_id", "group_id");
CREATE INDEX "auth_user_groups_user_id_6a12ed8b" ON "auth_user_groups" ("user_id");
CREATE INDEX "auth_user_groups_group_id_97559544" ON "auth_user_groups" ("group_id");
CREATE UNIQUE INDEX "auth_user_user_permissions_user_id_permission_id_14a6b632_uniq" ON "auth_user_user_permissions" ("user_id", "permission_id");
CREATE INDEX "auth_user_user_permissions_user_id_a95ead1b" ON "auth_user_user_permissions" ("user_id");
CREATE INDEX "auth_user_user_permissions_permission_id_1fbb5f2c" ON "auth_user_user_permissions" ("permission_id");
CREATE INDEX "account_emailconfirmation_email_address_id_5b7f8c58" ON "account_emailconfirmation" ("email_address_id");
CREATE UNIQUE INDEX "account_emailaddress_user_id_email_987c8728_uniq" ON "account_emailaddress" ("user_id", "email");
CREATE UNIQUE INDEX "unique_verified_email" ON "account_emailaddress" ("email") WHERE "verified";
CREATE INDEX "account_emailaddress_user_id_2c513194" ON "account_emailaddress" ("user_id");
CREATE INDEX "account_emailaddress_email_03be32b2" ON "account_emailaddress" ("email");
CREATE UNIQUE INDEX "unique_primary_email" ON "account_emailaddress" ("user_id", "primary") WHERE "primary";
CREATE INDEX "django_admin_log_content_type_id_c4bce8eb" ON "django_admin_log" ("content_type_id");
CREATE INDEX "django_admin_log_user_id_c564eba6" ON "django_admin_log" ("user_id");
CREATE UNIQUE INDEX "django_content_type_app_label_model_76bd3d3b_uniq" ON "django_content_type" ("app_label", "model");
CREATE UNIQUE INDEX "auth_permission_content_type_id_codename_01ab375a_uniq" ON "auth_permission" ("content_type_id", "codename");
CREATE INDEX "auth_permission_content_type_id_2f476e4b" ON "auth_permission" ("content_type_id");
CREATE INDEX "products_product_category_id_9b594869" ON "products_product" ("category_id");
CREATE INDEX "django_session_expire_date_a5c62663" ON "django_session" ("expire_date");
CREATE UNIQUE INDEX "socialaccount_socialapp_sites_socialapp_id_site_id_71a9a768_uniq" ON "socialaccount_socialapp_sites" ("socialapp_id", "site_id");
CREATE INDEX "socialaccount_socialapp_sites_socialapp_id_97fb6e7d" ON "socialaccount_socialapp_sites" ("socialapp_id");
CREATE INDEX "socialaccount_socialapp_sites_site_id_2579dee5" ON "socialaccount_socialapp_sites" ("site_id");
CREATE UNIQUE INDEX "socialaccount_socialtoken_app_id_account_id_fca4e0ac_uniq" ON "socialaccount_socialtoken" ("app_id", "account_id");
CREATE INDEX "socialaccount_socialtoken_account_id_951f210e" ON "socialaccount_socialtoken" ("account_id");
CREATE INDEX "socialaccount_socialtoken_app_id_636a42d7" ON "socialaccount_socialtoken" ("app_id");
CREATE UNIQUE INDEX "socialaccount_socialaccount_provider_uid_fc810c6e_uniq" ON "socialaccount_socialaccount" ("provider", "uid");
CREATE INDEX "socialaccount_socialaccount_user_id_8146e70c" ON "socialaccount_socialaccount" ("user_id");
CREATE UNIQUE INDEX "wishlist_wishlist_user_profile_id_product_id_42e566f9_uniq" ON "wishlist_wishlist" ("user_profile_id", "product_id");
CREATE INDEX "wishlist_wishlist_product_id_2d08b75d" ON "wishlist_wishlist" ("product_id");
CREATE INDEX "wishlist_wishlist_user_profile_id_046d6ac1" ON "wishlist_wishlist" ("user_profile_id");
CREATE INDEX "checkout_orderlineitem_order_id_b4cfbe6b" ON "checkout_orderlineitem" ("order_id");
CREATE INDEX "checkout_orderlineitem_product_id_739c699d" ON "checkout_orderlineitem" ("product_id");
CREATE INDEX "checkout_order_user_profile_id_949184a7" ON "checkout_order" ("user_profile_id");
COMMIT;
