[{"model": "admin.logentry", "pk": 1, "fields": {"action_time": "2024-09-12T00:48:15.967Z", "user": 1, "content_type": 4, "object_id": "2", "object_repr": "WSSXSXSXSXS", "action_flag": 3, "change_message": ""}}, {"model": "admin.logentry", "pk": 2, "fields": {"action_time": "2024-09-12T01:11:24.934Z", "user": 1, "content_type": 8, "object_id": "2", "object_repr": "george.okwori@outlook.com", "action_flag": 2, "change_message": "[{\"changed\": {\"fields\": [\"Verified\", \"Primary\"]}}]"}}, {"model": "admin.logentry", "pk": 3, "fields": {"action_time": "2024-09-15T15:10:34.945Z", "user": 1, "content_type": 14, "object_id": "1", "object_repr": "Arizona Original Bootcut Jeans", "action_flag": 3, "change_message": ""}}, {"model": "admin.logentry", "pk": 4, "fields": {"action_time": "2024-09-15T15:10:34.952Z", "user": 1, "content_type": 14, "object_id": "2", "object_repr": "Liz Claiborne Audra Classic Fit Straight Leg Pants", "action_flag": 3, "change_message": ""}}, {"model": "admin.logentry", "pk": 5, "fields": {"action_time": "2024-09-15T15:10:34.953Z", "user": 1, "content_type": 14, "object_id": "3", "object_repr": "Royal Velvet Matte Satin Square 3-pc. Coverlet Set", "action_flag": 3, "change_message": ""}}, {"model": "admin.logentry", "pk": 6, "fields": {"action_time": "2024-09-15T15:10:34.956Z", "user": 1, "content_type": 14, "object_id": "4", "object_repr": "Gibson Infinite Glaze 16-pc. Dinnerware Set", "action_flag": 3, "change_message": ""}}, {"model": "admin.logentry", "pk": 7, "fields": {"action_time": "2024-09-15T15:10:34.957Z", "user": 1, "content_type": 14, "object_id": "5", "object_repr": "Simply Calphalon Enameled Cast Iron Panini Pan", "action_flag": 3, "change_message": ""}}, {"model": "admin.logentry", "pk": 8, "fields": {"action_time": "2024-09-15T15:10:34.959Z", "user": 1, "content_type": 14, "object_id": "6", "object_repr": "The Foundry Supply Co. Solid Pocket TeeBig & Tall", "action_flag": 3, "change_message": ""}}, {"model": "admin.logentry", "pk": 9, "fields": {"action_time": "2024-09-15T15:10:34.960Z", "user": 1, "content_type": 14, "object_id": "7", "object_repr": "Liz Claiborne Classic Sophie Secretly Slender Trouser Leg Pants - Plus", "action_flag": 3, "change_message": ""}}, {"model": "admin.logentry", "pk": 10, "fields": {"action_time": "2024-09-15T15:10:34.962Z", "user": 1, "content_type": 14, "object_id": "8", "object_repr": "Rachael Ray Ceramic Olive Oil Dispenser", "action_flag": 3, "change_message": ""}}, {"model": "admin.logentry", "pk": 11, "fields": {"action_time": "2024-09-15T15:10:34.963Z", "user": 1, "content_type": 14, "object_id": "9", "object_repr": "Protech Performance Sheet Set", "action_flag": 3, "change_message": ""}}, {"model": "admin.logentry", "pk": 12, "fields": {"action_time": "2024-09-15T15:10:34.965Z", "user": 1, "content_type": 14, "object_id": "10", "object_repr": "Reflections Set of 4 Microfiber Napkins", "action_flag": 3, "change_message": ""}}, {"model": "admin.logentry", "pk": 13, "fields": {"action_time": "2024-09-15T15:10:34.966Z", "user": 1, "content_type": 14, "object_id": "11", "object_repr": "Chef Designs Black-Trimmed Cook ShirtBig & Tall", "action_flag": 3, "change_message": ""}}, {"model": "admin.logentry", "pk": 14, "fields": {"action_time": "2024-09-15T15:10:34.968Z", "user": 1, "content_type": 14, "object_id": "12", "object_repr": "Nike 3-pk. Performance Crew Socks - Boys", "action_flag": 3, "change_message": ""}}, {"model": "admin.logentry", "pk": 15, "fields": {"action_time": "2024-09-15T15:10:34.969Z", "user": 1, "content_type": 14, "object_id": "13", "object_repr": "Champion Jersey Tee", "action_flag": 3, "change_message": ""}}, {"model": "admin.logentry", "pk": 16, "fields": {"action_time": "2024-09-15T15:10:34.971Z", "user": 1, "content_type": 14, "object_id": "14", "object_repr": "Stafford 4-pk. Blended Cotton A-Shirts", "action_flag": 3, "change_message": ""}}, {"model": "admin.logentry", "pk": 17, "fields": {"action_time": "2024-09-15T15:10:34.972Z", "user": 1, "content_type": 14, "object_id": "15", "object_repr": "Stafford 4-pk. Heavyweight Crewneck T-ShirtsBig & Tall", "action_flag": 3, "change_message": ""}}, {"model": "admin.logentry", "pk": 18, "fields": {"action_time": "2024-09-15T15:10:34.974Z", "user": 1, "content_type": 14, "object_id": "16", "object_repr": "Levi's 529 Curvy Bootcut Jeans", "action_flag": 3, "change_message": ""}}, {"model": "admin.logentry", "pk": 19, "fields": {"action_time": "2024-09-15T15:10:34.975Z", "user": 1, "content_type": 14, "object_id": "17", "object_repr": "Worthington Essential Short-Sleeve Tee - Plus", "action_flag": 3, "change_message": ""}}, {"model": "admin.logentry", "pk": 20, "fields": {"action_time": "2024-09-15T15:10:34.977Z", "user": 1, "content_type": 14, "object_id": "18", "object_repr": "Marvel Comics Avengers Hulk Pillow Buddy", "action_flag": 3, "change_message": ""}}, {"model": "admin.logentry", "pk": 21, "fields": {"action_time": "2024-09-15T15:10:34.978Z", "user": 1, "content_type": 14, "object_id": "19", "object_repr": "Marvel Spiderman Pillow Buddy", "action_flag": 3, "change_message": ""}}, {"model": "admin.logentry", "pk": 22, "fields": {"action_time": "2024-09-15T15:10:34.980Z", "user": 1, "content_type": 14, "object_id": "20", "object_repr": "JCPenney Home Oven Mitt", "action_flag": 3, "change_message": ""}}, {"model": "admin.logentry", "pk": 23, "fields": {"action_time": "2024-09-15T15:10:34.981Z", "user": 1, "content_type": 14, "object_id": "21", "object_repr": "Farberware Sonoma 2-qt. Whistling Tea Kettle", "action_flag": 3, "change_message": ""}}, {"model": "admin.logentry", "pk": 24, "fields": {"action_time": "2024-09-15T15:10:34.983Z", "user": 1, "content_type": 14, "object_id": "22", "object_repr": "Silver Superman Shield Cufflinks", "action_flag": 3, "change_message": ""}}, {"model": "admin.logentry", "pk": 25, "fields": {"action_time": "2024-09-15T15:10:34.985Z", "user": 1, "content_type": 14, "object_id": "23", "object_repr": "Dickies Heavyweight Long-Sleeve Pocket Tee", "action_flag": 3, "change_message": ""}}, {"model": "admin.logentry", "pk": 26, "fields": {"action_time": "2024-09-15T15:10:34.986Z", "user": 1, "content_type": 14, "object_id": "24", "object_repr": "Royal Velvet Down Chamber Pillow", "action_flag": 3, "change_message": ""}}, {"model": "admin.logentry", "pk": 27, "fields": {"action_time": "2024-09-15T15:10:34.988Z", "user": 1, "content_type": 14, "object_id": "25", "object_repr": "Dickies Heavyweight Fleece Full Zip HoodieBig & Tall", "action_flag": 3, "change_message": ""}}, {"model": "admin.logentry", "pk": 28, "fields": {"action_time": "2024-09-15T15:10:34.989Z", "user": 1, "content_type": 14, "object_id": "26", "object_repr": "JCPenney Home Ashley Scalloped Stoneware 50-pc. Dinnerware Set - Service for 8", "action_flag": 3, "change_message": ""}}, {"model": "admin.logentry", "pk": 29, "fields": {"action_time": "2024-09-15T15:10:34.991Z", "user": 1, "content_type": 14, "object_id": "27", "object_repr": "Rachael Ray Porcelain II 10-pc. Cookware Set", "action_flag": 3, "change_message": ""}}, {"model": "admin.logentry", "pk": 30, "fields": {"action_time": "2024-09-15T15:10:34.993Z", "user": 1, "content_type": 14, "object_id": "28", "object_repr": "Hanes 3pk. Cotton Crewneck TShirts  Big & Tall", "action_flag": 3, "change_message": ""}}, {"model": "admin.logentry", "pk": 31, "fields": {"action_time": "2024-09-15T15:10:34.994Z", "user": 1, "content_type": 14, "object_id": "29", "object_repr": "Chenille Lines Bath Rug Collection", "action_flag": 3, "change_message": ""}}, {"model": "admin.logentry", "pk": 32, "fields": {"action_time": "2024-09-15T15:10:34.996Z", "user": 1, "content_type": 14, "object_id": "30", "object_repr": "Home Expressions Jacobean Stripe Oblong Decorative Pillow", "action_flag": 3, "change_message": ""}}, {"model": "admin.logentry", "pk": 33, "fields": {"action_time": "2024-09-15T15:10:34.997Z", "user": 1, "content_type": 14, "object_id": "31", "object_repr": "Armitron Now Womens Crystal-Accent White Leather Strap Watch", "action_flag": 3, "change_message": ""}}, {"model": "admin.logentry", "pk": 34, "fields": {"action_time": "2024-09-15T15:10:34.999Z", "user": 1, "content_type": 14, "object_id": "32", "object_repr": "Nike NA Swoosh Dri-FIT Cotton Tee", "action_flag": 3, "change_message": ""}}, {"model": "admin.logentry", "pk": 35, "fields": {"action_time": "2024-09-15T15:10:35.000Z", "user": 1, "content_type": 14, "object_id": "33", "object_repr": "Liz Claiborne 300tc Liquid Cotton Set of 2 Pillowcases", "action_flag": 3, "change_message": ""}}, {"model": "admin.logentry", "pk": 36, "fields": {"action_time": "2024-09-15T15:10:35.002Z", "user": 1, "content_type": 14, "object_id": "34", "object_repr": "Stafford Year-Round Pleated PantsBig & Tall", "action_flag": 3, "change_message": ""}}, {"model": "admin.logentry", "pk": 37, "fields": {"action_time": "2024-09-15T15:10:35.003Z", "user": 1, "content_type": 14, "object_id": "35", "object_repr": "Arizona Super-Skinny Jeans", "action_flag": 3, "change_message": ""}}, {"model": "admin.logentry", "pk": 38, "fields": {"action_time": "2024-09-15T15:10:35.005Z", "user": 1, "content_type": 14, "object_id": "36", "object_repr": "Nike 3-pk. Dri-FIT Fly Rise Crew Socks", "action_flag": 3, "change_message": ""}}, {"model": "admin.logentry", "pk": 39, "fields": {"action_time": "2024-09-15T15:10:35.006Z", "user": 1, "content_type": 14, "object_id": "37", "object_repr": "Royal Velvet Egyptian Cotton Solid Bath Towels", "action_flag": 3, "change_message": ""}}, {"model": "admin.logentry", "pk": 40, "fields": {"action_time": "2024-09-15T15:10:35.008Z", "user": 1, "content_type": 14, "object_id": "38", "object_repr": "Levinsohn Master Block All-In-One Mattress Protector", "action_flag": 3, "change_message": ""}}, {"model": "admin.logentry", "pk": 41, "fields": {"action_time": "2024-09-15T15:10:35.009Z", "user": 1, "content_type": 14, "object_id": "39", "object_repr": "Home Expressions Microfiber Twin XL Sheet Set", "action_flag": 3, "change_message": ""}}, {"model": "admin.logentry", "pk": 42, "fields": {"action_time": "2024-09-15T15:10:35.011Z", "user": 1, "content_type": 14, "object_id": "40", "object_repr": "Cake Boss Powdered Sugar Shaker with Lid", "action_flag": 3, "change_message": ""}}, {"model": "admin.logentry", "pk": 43, "fields": {"action_time": "2024-09-15T15:10:35.012Z", "user": 1, "content_type": 14, "object_id": "41", "object_repr": "Cake Boss Set of 2 Silicone Baking Mats", "action_flag": 3, "change_message": ""}}, {"model": "admin.logentry", "pk": 44, "fields": {"action_time": "2024-09-15T15:10:35.013Z", "user": 1, "content_type": 14, "object_id": "42", "object_repr": "Corelle Livingware 16-pc. Dinnerware Set", "action_flag": 3, "change_message": ""}}, {"model": "admin.logentry", "pk": 45, "fields": {"action_time": "2024-09-15T15:10:35.015Z", "user": 1, "content_type": 14, "object_id": "43", "object_repr": "Cuisinart Round Classic Waffle Maker", "action_flag": 3, "change_message": ""}}, {"model": "admin.logentry", "pk": 46, "fields": {"action_time": "2024-09-15T15:10:35.017Z", "user": 1, "content_type": 14, "object_id": "44", "object_repr": "The Foundry Supply Co. Quick-Dri PoloBig & Tall", "action_flag": 3, "change_message": ""}}, {"model": "admin.logentry", "pk": 47, "fields": {"action_time": "2024-09-15T15:10:35.019Z", "user": 1, "content_type": 14, "object_id": "45", "object_repr": "JCPenney Home Ultra Soft Micro Fleece Blanket", "action_flag": 3, "change_message": ""}}, {"model": "admin.logentry", "pk": 48, "fields": {"action_time": "2024-09-15T15:10:35.020Z", "user": 1, "content_type": 14, "object_id": "46", "object_repr": "Cottonloft Natural Cotton Blanket", "action_flag": 3, "change_message": ""}}, {"model": "admin.logentry", "pk": 49, "fields": {"action_time": "2024-09-15T15:10:35.022Z", "user": 1, "content_type": 14, "object_id": "47", "object_repr": "Konitz Dots and Stripes Set of 2 Bone China Mugs", "action_flag": 3, "change_message": ""}}, {"model": "admin.logentry", "pk": 50, "fields": {"action_time": "2024-09-15T15:10:35.023Z", "user": 1, "content_type": 14, "object_id": "48", "object_repr": "Jacques Mort 2-pk. Short-Sleeve Leotard - Girls", "action_flag": 3, "change_message": ""}}, {"model": "admin.logentry", "pk": 51, "fields": {"action_time": "2024-09-15T15:10:35.025Z", "user": 1, "content_type": 14, "object_id": "49", "object_repr": "Disney Cars McQueen Pillow Buddy", "action_flag": 3, "change_message": ""}}, {"model": "admin.logentry", "pk": 52, "fields": {"action_time": "2024-09-15T15:10:35.026Z", "user": 1, "content_type": 14, "object_id": "50", "object_repr": "Dockers Long-Sleeve No-Wrinkle Woven Shirt", "action_flag": 3, "change_message": ""}}, {"model": "admin.logentry", "pk": 53, "fields": {"action_time": "2024-09-15T15:10:35.028Z", "user": 1, "content_type": 14, "object_id": "51", "object_repr": "Stylus Short-Sleeve V-Neck Slub Tee - Plus", "action_flag": 3, "change_message": ""}}, {"model": "admin.logentry", "pk": 54, "fields": {"action_time": "2024-09-15T15:10:35.029Z", "user": 1, "content_type": 14, "object_id": "52", "object_repr": "Philips Airfryer Grill Pan", "action_flag": 3, "change_message": ""}}, {"model": "admin.logentry", "pk": 55, "fields": {"action_time": "2024-09-15T15:10:35.031Z", "user": 1, "content_type": 14, "object_id": "53", "object_repr": "Claiborne Short-Sleeve Woven Shirt", "action_flag": 3, "change_message": ""}}, {"model": "admin.logentry", "pk": 56, "fields": {"action_time": "2024-09-15T15:10:35.032Z", "user": 1, "content_type": 14, "object_id": "54", "object_repr": "adidas Adilogo Shock Energy Tee", "action_flag": 3, "change_message": ""}}, {"model": "admin.logentry", "pk": 57, "fields": {"action_time": "2024-09-15T15:10:35.033Z", "user": 1, "content_type": 14, "object_id": "55", "object_repr": "adidas climacool Boxer Briefs", "action_flag": 3, "change_message": ""}}, {"model": "admin.logentry", "pk": 58, "fields": {"action_time": "2024-09-15T15:10:35.035Z", "user": 1, "content_type": 14, "object_id": "56", "object_repr": "Stylus Slim Straight-Leg Jeans - Plus", "action_flag": 3, "change_message": ""}}, {"model": "admin.logentry", "pk": 59, "fields": {"action_time": "2024-09-15T15:10:35.036Z", "user": 1, "content_type": 14, "object_id": "57", "object_repr": "Worthington Sateen Cropped Pants - Petite", "action_flag": 3, "change_message": ""}}, {"model": "admin.logentry", "pk": 60, "fields": {"action_time": "2024-09-15T15:10:35.038Z", "user": 1, "content_type": 14, "object_id": "58", "object_repr": "Madison Park Essentials Concord Reversible Complete Bedding Set with Sheets", "action_flag": 3, "change_message": ""}}, {"model": "admin.logentry", "pk": 61, "fields": {"action_time": "2024-09-15T15:10:35.039Z", "user": 1, "content_type": 14, "object_id": "59", "object_repr": "Keurig K250 2.0 Compact Brewer", "action_flag": 3, "change_message": ""}}, {"model": "admin.logentry", "pk": 62, "fields": {"action_time": "2024-09-15T15:10:35.041Z", "user": 1, "content_type": 14, "object_id": "60", "object_repr": "Wrangler Reserve Authentic Relaxed-Fit Jeans-Big & Tall", "action_flag": 3, "change_message": ""}}, {"model": "admin.logentry", "pk": 63, "fields": {"action_time": "2024-09-15T15:10:35.042Z", "user": 1, "content_type": 14, "object_id": "61", "object_repr": "Eva Longoria Home Solana 4-pc. Comforter Set", "action_flag": 3, "change_message": ""}}, {"model": "admin.logentry", "pk": 64, "fields": {"action_time": "2024-09-15T15:10:35.043Z", "user": 1, "content_type": 14, "object_id": "62", "object_repr": "Carter's 4-pc. Take Me Home Set - Baby Boys preemie-6m", "action_flag": 3, "change_message": ""}}, {"model": "admin.logentry", "pk": 65, "fields": {"action_time": "2024-09-15T15:10:35.045Z", "user": 1, "content_type": 14, "object_id": "63", "object_repr": "Pfaltzgraff Everyday Sandy Shore 16-pc. Dinnerware Set", "action_flag": 3, "change_message": ""}}, {"model": "admin.logentry", "pk": 66, "fields": {"action_time": "2024-09-15T15:10:35.046Z", "user": 1, "content_type": 14, "object_id": "64", "object_repr": "Arizona Graphic Tee - Boys 8-20 and Husky", "action_flag": 3, "change_message": ""}}, {"model": "admin.logentry", "pk": 67, "fields": {"action_time": "2024-09-15T15:10:35.048Z", "user": 1, "content_type": 14, "object_id": "65", "object_repr": "Armitron Now Womens Crystal-Accent White Leather Strap Watch", "action_flag": 3, "change_message": ""}}, {"model": "admin.logentry", "pk": 68, "fields": {"action_time": "2024-09-15T15:10:35.049Z", "user": 1, "content_type": 14, "object_id": "66", "object_repr": "Nike Air Sickness Graphic Tee", "action_flag": 3, "change_message": ""}}, {"model": "admin.logentry", "pk": 69, "fields": {"action_time": "2024-09-15T15:10:35.051Z", "user": 1, "content_type": 14, "object_id": "67", "object_repr": "Claiborne Long-Sleeve Linen Shirt", "action_flag": 3, "change_message": ""}}, {"model": "admin.logentry", "pk": 70, "fields": {"action_time": "2024-09-15T15:10:35.052Z", "user": 1, "content_type": 14, "object_id": "68", "object_repr": "Arizona Bootcut Jeans", "action_flag": 3, "change_message": ""}}, {"model": "admin.logentry", "pk": 71, "fields": {"action_time": "2024-09-15T15:10:35.054Z", "user": 1, "content_type": 14, "object_id": "69", "object_repr": "Home Expressions Microfiber Twin XL Sheet Set", "action_flag": 3, "change_message": ""}}, {"model": "admin.logentry", "pk": 72, "fields": {"action_time": "2024-09-15T15:10:35.055Z", "user": 1, "content_type": 14, "object_id": "70", "object_repr": "Isotonic Iso-Cool Memory Foam Contour Pillow", "action_flag": 3, "change_message": ""}}, {"model": "admin.logentry", "pk": 73, "fields": {"action_time": "2024-09-15T15:10:35.057Z", "user": 1, "content_type": 14, "object_id": "71", "object_repr": "totes Tracey Womens Cold-Weather Boots", "action_flag": 3, "change_message": ""}}, {"model": "admin.logentry", "pk": 74, "fields": {"action_time": "2024-09-15T15:10:35.058Z", "user": 1, "content_type": 14, "object_id": "72", "object_repr": "Love Indigo Wing Back Flap Pocket Jeans", "action_flag": 3, "change_message": ""}}, {"model": "admin.logentry", "pk": 75, "fields": {"action_time": "2024-09-15T15:10:35.060Z", "user": 1, "content_type": 14, "object_id": "73", "object_repr": "Love Indigo Embroidered Back Pocket Jeans", "action_flag": 3, "change_message": ""}}, {"model": "admin.logentry", "pk": 76, "fields": {"action_time": "2024-09-15T15:10:35.061Z", "user": 1, "content_type": 14, "object_id": "74", "object_repr": "Love Indigo Cross Back Flap Pocket Jeans", "action_flag": 3, "change_message": ""}}, {"model": "admin.logentry", "pk": 77, "fields": {"action_time": "2024-09-15T15:10:35.063Z", "user": 1, "content_type": 14, "object_id": "75", "object_repr": "Arizona Ankle-Zip Jeggings", "action_flag": 3, "change_message": ""}}, {"model": "admin.logentry", "pk": 78, "fields": {"action_time": "2024-09-15T15:10:35.064Z", "user": 1, "content_type": 14, "object_id": "76", "object_repr": "Vanilla Star Embellished Skinny Jeans - Girls 7-16 and Plus", "action_flag": 3, "change_message": ""}}, {"model": "admin.logentry", "pk": 79, "fields": {"action_time": "2024-09-15T15:10:35.066Z", "user": 1, "content_type": 14, "object_id": "77", "object_repr": "Worthington 3/4-Sleeve Button-Front Oxford Shirt - Petite", "action_flag": 3, "change_message": ""}}, {"model": "admin.logentry", "pk": 80, "fields": {"action_time": "2024-09-15T15:10:35.067Z", "user": 1, "content_type": 14, "object_id": "78", "object_repr": "a.n.a Skinny Jeans", "action_flag": 3, "change_message": ""}}, {"model": "admin.logentry", "pk": 81, "fields": {"action_time": "2024-09-15T15:10:35.069Z", "user": 1, "content_type": 14, "object_id": "79", "object_repr": "a.n.a Bootcut Jeans", "action_flag": 3, "change_message": ""}}, {"model": "admin.logentry", "pk": 82, "fields": {"action_time": "2024-09-15T15:10:35.071Z", "user": 1, "content_type": 14, "object_id": "80", "object_repr": "Levi's Houlihan Short-Sleeve Logo Tee", "action_flag": 3, "change_message": ""}}, {"model": "admin.logentry", "pk": 83, "fields": {"action_time": "2024-09-15T15:10:35.072Z", "user": 1, "content_type": 14, "object_id": "81", "object_repr": "a.n.a Jeggings - Plus", "action_flag": 3, "change_message": ""}}, {"model": "admin.logentry", "pk": 84, "fields": {"action_time": "2024-09-15T15:10:35.074Z", "user": 1, "content_type": 14, "object_id": "82", "object_repr": "Nike Therma-FIT Pullover Hoodie - Boys 8-20", "action_flag": 3, "change_message": ""}}, {"model": "admin.logentry", "pk": 85, "fields": {"action_time": "2024-09-15T15:10:35.075Z", "user": 1, "content_type": 14, "object_id": "83", "object_repr": "Disney Collection Frozen Elsa Graphic Tee - Girls 2-12", "action_flag": 3, "change_message": ""}}, {"model": "admin.logentry", "pk": 86, "fields": {"action_time": "2024-09-15T15:10:35.077Z", "user": 1, "content_type": 14, "object_id": "84", "object_repr": "Dickies Short-Sleeve Performance Polo", "action_flag": 3, "change_message": ""}}, {"model": "admin.logentry", "pk": 87, "fields": {"action_time": "2024-09-15T15:10:35.078Z", "user": 1, "content_type": 14, "object_id": "85", "object_repr": "Sunbeam Comfy Toes Microplush Heated Throw", "action_flag": 3, "change_message": ""}}, {"model": "admin.logentry", "pk": 88, "fields": {"action_time": "2024-09-15T15:10:35.080Z", "user": 1, "content_type": 14, "object_id": "86", "object_repr": "Madison Park Lavinia 6-pc. Quilted Coverlet Set", "action_flag": 3, "change_message": ""}}, {"model": "admin.logentry", "pk": 89, "fields": {"action_time": "2024-09-15T15:10:35.081Z", "user": 1, "content_type": 14, "object_id": "87", "object_repr": "Xersion Quick-Dri Performance Bootcut Pant - Short", "action_flag": 3, "change_message": ""}}, {"model": "admin.logentry", "pk": 90, "fields": {"action_time": "2024-09-15T15:10:35.083Z", "user": 1, "content_type": 14, "object_id": "88", "object_repr": "Lugz Empire Hi Mens Water-Resistant Hiking Boots", "action_flag": 3, "change_message": ""}}, {"model": "admin.logentry", "pk": 91, "fields": {"action_time": "2024-09-15T15:10:35.084Z", "user": 1, "content_type": 14, "object_id": "89", "object_repr": "Made For Life Mesh Jacket - Plus", "action_flag": 3, "change_message": ""}}, {"model": "admin.logentry", "pk": 92, "fields": {"action_time": "2024-09-15T15:10:35.086Z", "user": 1, "content_type": 14, "object_id": "90", "object_repr": "Stafford Travel Brown Check Suit Jacket - Classic Fit", "action_flag": 3, "change_message": ""}}, {"model": "admin.logentry", "pk": 93, "fields": {"action_time": "2024-09-15T15:10:35.087Z", "user": 1, "content_type": 14, "object_id": "91", "object_repr": "Arizona Raglan-Sleeve Thermal Pullover", "action_flag": 3, "change_message": ""}}, {"model": "admin.logentry", "pk": 94, "fields": {"action_time": "2024-09-15T15:10:35.088Z", "user": 1, "content_type": 14, "object_id": "92", "object_repr": "Made For Life Long-Sleeve Flyaway Cardigan", "action_flag": 3, "change_message": ""}}, {"model": "admin.logentry", "pk": 95, "fields": {"action_time": "2024-09-15T15:10:35.090Z", "user": 1, "content_type": 14, "object_id": "93", "object_repr": "Stafford Flannel Pajama Set - Big & Tall", "action_flag": 3, "change_message": ""}}, {"model": "admin.logentry", "pk": 96, "fields": {"action_time": "2024-09-15T15:10:35.092Z", "user": 1, "content_type": 14, "object_id": "94", "object_repr": "Arizona Flannel Shirt - Preschool Boys 4-7", "action_flag": 3, "change_message": ""}}, {"model": "admin.logentry", "pk": 97, "fields": {"action_time": "2024-09-15T15:10:35.093Z", "user": 1, "content_type": 14, "object_id": "95", "object_repr": "Vieste Green Stone Statement Necklace", "action_flag": 3, "change_message": ""}}, {"model": "admin.logentry", "pk": 98, "fields": {"action_time": "2024-09-15T15:10:35.095Z", "user": 1, "content_type": 14, "object_id": "96", "object_repr": "Bonnie Jean Plaid Dress and Cardigan - Girls Plus", "action_flag": 3, "change_message": ""}}, {"model": "admin.logentry", "pk": 99, "fields": {"action_time": "2024-09-15T15:10:35.096Z", "user": 1, "content_type": 14, "object_id": "97", "object_repr": "Arizona Quilted Sweatshirt - Toddler Girls 2t-5t", "action_flag": 3, "change_message": ""}}, {"model": "admin.logentry", "pk": 100, "fields": {"action_time": "2024-09-15T15:10:35.098Z", "user": 1, "content_type": 14, "object_id": "98", "object_repr": "Arlee Jada Plaid Set of 4 Placemats", "action_flag": 3, "change_message": ""}}, {"model": "admin.logentry", "pk": 101, "fields": {"action_time": "2024-09-15T15:10:35.099Z", "user": 1, "content_type": 14, "object_id": "99", "object_repr": "St. John's Bay Short-Sleeve Polo Shirt - Plus", "action_flag": 3, "change_message": ""}}, {"model": "admin.logentry", "pk": 102, "fields": {"action_time": "2024-09-15T15:10:35.101Z", "user": 1, "content_type": 14, "object_id": "100", "object_repr": "Stylus Crossover Ankle Pants", "action_flag": 3, "change_message": ""}}, {"model": "admin.logentry", "pk": 103, "fields": {"action_time": "2024-09-15T15:11:01.272Z", "user": 1, "content_type": 13, "object_id": "9", "object_repr": "shirts", "action_flag": 3, "change_message": ""}}, {"model": "admin.logentry", "pk": 104, "fields": {"action_time": "2024-09-15T15:11:01.274Z", "user": 1, "content_type": 13, "object_id": "8", "object_repr": "new_arrivals", "action_flag": 3, "change_message": ""}}, {"model": "admin.logentry", "pk": 105, "fields": {"action_time": "2024-09-15T15:11:01.275Z", "user": 1, "content_type": 13, "object_id": "7", "object_repr": "kitchen_dining", "action_flag": 3, "change_message": ""}}, {"model": "admin.logentry", "pk": 106, "fields": {"action_time": "2024-09-15T15:11:01.279Z", "user": 1, "content_type": 13, "object_id": "6", "object_repr": "jeans", "action_flag": 3, "change_message": ""}}, {"model": "admin.logentry", "pk": 107, "fields": {"action_time": "2024-09-15T15:11:01.281Z", "user": 1, "content_type": 13, "object_id": "5", "object_repr": "essentials", "action_flag": 3, "change_message": ""}}, {"model": "admin.logentry", "pk": 108, "fields": {"action_time": "2024-09-15T15:11:01.283Z", "user": 1, "content_type": 13, "object_id": "4", "object_repr": "deals", "action_flag": 3, "change_message": ""}}, {"model": "admin.logentry", "pk": 109, "fields": {"action_time": "2024-09-15T15:11:01.284Z", "user": 1, "content_type": 13, "object_id": "3", "object_repr": "clearance", "action_flag": 3, "change_message": ""}}, {"model": "admin.logentry", "pk": 110, "fields": {"action_time": "2024-09-15T15:11:01.285Z", "user": 1, "content_type": 13, "object_id": "2", "object_repr": "bed_bath", "action_flag": 3, "change_message": ""}}, {"model": "admin.logentry", "pk": 111, "fields": {"action_time": "2024-09-15T15:11:01.287Z", "user": 1, "content_type": 13, "object_id": "1", "object_repr": "activewear", "action_flag": 3, "change_message": ""}}, {"model": "admin.logentry", "pk": 112, "fields": {"action_time": "2024-09-15T15:11:35.404Z", "user": 1, "content_type": 14, "object_id": "101", "object_repr": "Stafford Non-Iron Cotton Oxford Dress Shirt - Big & Tall", "action_flag": 3, "change_message": ""}}, {"model": "admin.logentry", "pk": 113, "fields": {"action_time": "2024-09-15T15:11:35.407Z", "user": 1, "content_type": 14, "object_id": "102", "object_repr": "a.n.a Long-Sleeve Colorblock Sweater", "action_flag": 3, "change_message": ""}}, {"model": "admin.logentry", "pk": 114, "fields": {"action_time": "2024-09-15T15:11:35.408Z", "user": 1, "content_type": 14, "object_id": "103", "object_repr": "Stafford Travel Short-Sleeve Easy-Care Broadcloth Dress Shirt - Big & Tall", "action_flag": 3, "change_message": ""}}, {"model": "admin.logentry", "pk": 115, "fields": {"action_time": "2024-09-15T15:11:35.411Z", "user": 1, "content_type": 14, "object_id": "104", "object_repr": "Gloria Vanderbilt Amanda Jeans - Plus", "action_flag": 3, "change_message": ""}}, {"model": "admin.logentry", "pk": 116, "fields": {"action_time": "2024-09-15T15:11:35.413Z", "user": 1, "content_type": 14, "object_id": "105", "object_repr": "Made For Life Polar Fleece Vest", "action_flag": 3, "change_message": ""}}, {"model": "admin.logentry", "pk": 117, "fields": {"action_time": "2024-09-15T15:11:35.415Z", "user": 1, "content_type": 14, "object_id": "106", "object_repr": "Frank and Lulu Holland Park Comforter Set", "action_flag": 3, "change_message": ""}}, {"model": "admin.logentry", "pk": 118, "fields": {"action_time": "2024-09-15T15:11:35.416Z", "user": 1, "content_type": 14, "object_id": "107", "object_repr": "Frank and Lulu Layne Sheet Set", "action_flag": 3, "change_message": ""}}, {"model": "admin.logentry", "pk": 119, "fields": {"action_time": "2024-09-15T15:11:35.418Z", "user": 1, "content_type": 14, "object_id": "108", "object_repr": "Jamaica Bay Printed Micro Volley Swim Trunks", "action_flag": 3, "change_message": ""}}, {"model": "admin.logentry", "pk": 120, "fields": {"action_time": "2024-09-15T15:11:35.419Z", "user": 1, "content_type": 14, "object_id": "109", "object_repr": "Arizona Raglan Henley Tee - Boys 8-20", "action_flag": 3, "change_message": ""}}, {"model": "admin.logentry", "pk": 121, "fields": {"action_time": "2024-09-15T15:11:35.421Z", "user": 1, "content_type": 14, "object_id": "110", "object_repr": "Brooklyn Xpress Fleece Jogger Pants", "action_flag": 3, "change_message": ""}}, {"model": "admin.logentry", "pk": 122, "fields": {"action_time": "2024-09-15T15:11:35.423Z", "user": 1, "content_type": 14, "object_id": "111", "object_repr": "Bob Marely 1976 T-Shirt", "action_flag": 3, "change_message": ""}}, {"model": "admin.logentry", "pk": 123, "fields": {"action_time": "2024-09-15T15:11:35.424Z", "user": 1, "content_type": 14, "object_id": "112", "object_repr": "Diamond 24-pc. Bath Towel Set", "action_flag": 3, "change_message": ""}}, {"model": "admin.logentry", "pk": 124, "fields": {"action_time": "2024-09-15T15:11:35.426Z", "user": 1, "content_type": 14, "object_id": "113", "object_repr": "Arizona Raglan T-Shirt", "action_flag": 3, "change_message": ""}}, {"model": "admin.logentry", "pk": 125, "fields": {"action_time": "2024-09-15T15:11:35.427Z", "user": 1, "content_type": 14, "object_id": "114", "object_repr": "Arizona Pocket T-Shirt", "action_flag": 3, "change_message": ""}}, {"model": "admin.logentry", "pk": 126, "fields": {"action_time": "2024-09-15T15:11:35.429Z", "user": 1, "content_type": 14, "object_id": "115", "object_repr": "Liz Claiborne City-Fit Skinny Jeans - Plus", "action_flag": 3, "change_message": ""}}, {"model": "admin.logentry", "pk": 127, "fields": {"action_time": "2024-09-15T15:11:35.431Z", "user": 1, "content_type": 14, "object_id": "116", "object_repr": "Nike Dri-FIT Base Layer Tights", "action_flag": 3, "change_message": ""}}, {"model": "admin.logentry", "pk": 128, "fields": {"action_time": "2024-09-15T15:11:35.432Z", "user": 1, "content_type": 14, "object_id": "117", "object_repr": "Clarks Lexi Alloy Slide Strap Sandals", "action_flag": 3, "change_message": ""}}, {"model": "admin.logentry", "pk": 129, "fields": {"action_time": "2024-09-15T15:11:35.434Z", "user": 1, "content_type": 14, "object_id": "118", "object_repr": "Liz Claiborne Long-Sleeve V-Neck Striped Tunic", "action_flag": 3, "change_message": ""}}, {"model": "admin.logentry", "pk": 130, "fields": {"action_time": "2024-09-15T15:11:35.436Z", "user": 1, "content_type": 14, "object_id": "119", "object_repr": "Xersion Colorblock Yoga Shorts - Girls 7-16 and Plus", "action_flag": 3, "change_message": ""}}, {"model": "admin.logentry", "pk": 131, "fields": {"action_time": "2024-09-15T15:11:35.438Z", "user": 1, "content_type": 14, "object_id": "120", "object_repr": "Vans Zone Bluts Short-Sleeve T-Shirt", "action_flag": 3, "change_message": ""}}, {"model": "admin.logentry", "pk": 132, "fields": {"action_time": "2024-09-15T15:11:35.440Z", "user": 1, "content_type": 14, "object_id": "121", "object_repr": "Xersion Short-Sleeve V-Neck Graphic Tee - Girls 7-16 and Plus", "action_flag": 3, "change_message": ""}}, {"model": "admin.logentry", "pk": 133, "fields": {"action_time": "2024-09-15T15:11:35.441Z", "user": 1, "content_type": 14, "object_id": "122", "object_repr": "St. John's Bay Short-Sleeve V-Neck T-Shirt", "action_flag": 3, "change_message": ""}}, {"model": "admin.logentry", "pk": 134, "fields": {"action_time": "2024-09-15T15:11:35.443Z", "user": 1, "content_type": 14, "object_id": "123", "object_repr": "Alfred Dunner Denim Capris", "action_flag": 3, "change_message": ""}}, {"model": "admin.logentry", "pk": 135, "fields": {"action_time": "2024-09-15T15:11:35.445Z", "user": 1, "content_type": 14, "object_id": "124", "object_repr": "Worthington Short-Sleeve Scoopneck T-Shirt - Tall", "action_flag": 3, "change_message": ""}}, {"model": "admin.logentry", "pk": 136, "fields": {"action_time": "2024-09-15T15:11:35.446Z", "user": 1, "content_type": 14, "object_id": "125", "object_repr": "Stylus Flare Jeans", "action_flag": 3, "change_message": ""}}, {"model": "admin.logentry", "pk": 137, "fields": {"action_time": "2024-09-15T15:11:35.448Z", "user": 1, "content_type": 14, "object_id": "126", "object_repr": "Marmellata Sleeveless Dotted Dress - Preschool Girls 4-6x", "action_flag": 3, "change_message": ""}}, {"model": "admin.logentry", "pk": 138, "fields": {"action_time": "2024-09-15T15:11:35.450Z", "user": 1, "content_type": 14, "object_id": "127", "object_repr": "Levi's 527 Bootcut Jeans - Boys 8-20, Slim and Husky", "action_flag": 3, "change_message": ""}}, {"model": "admin.logentry", "pk": 139, "fields": {"action_time": "2024-09-15T15:11:35.451Z", "user": 1, "content_type": 14, "object_id": "128", "object_repr": "Mixit Whitney Leggings - Tall", "action_flag": 3, "change_message": ""}}, {"model": "admin.logentry", "pk": 140, "fields": {"action_time": "2024-09-15T15:11:35.453Z", "user": 1, "content_type": 14, "object_id": "129", "object_repr": "Mixit Side Flower Jelly Strap Sandals", "action_flag": 3, "change_message": ""}}, {"model": "admin.logentry", "pk": 141, "fields": {"action_time": "2024-09-15T15:11:35.455Z", "user": 1, "content_type": 14, "object_id": "130", "object_repr": "Arizona Racerback Tank - Juniors Plus", "action_flag": 3, "change_message": ""}}, {"model": "admin.logentry", "pk": 142, "fields": {"action_time": "2024-09-15T15:11:35.456Z", "user": 1, "content_type": 14, "object_id": "131", "object_repr": "St. John's Bay Long-Sleeve Camp Shirt", "action_flag": 3, "change_message": ""}}, {"model": "admin.logentry", "pk": 143, "fields": {"action_time": "2024-09-15T15:11:35.458Z", "user": 1, "content_type": 14, "object_id": "132", "object_repr": "Alfred Dunner Essential Pull On Capri Pant", "action_flag": 3, "change_message": ""}}, {"model": "admin.logentry", "pk": 144, "fields": {"action_time": "2024-09-15T15:11:35.460Z", "user": 1, "content_type": 14, "object_id": "133", "object_repr": "Worthington Tipped Envelope Skirt - Tall", "action_flag": 3, "change_message": ""}}, {"model": "admin.logentry", "pk": 145, "fields": {"action_time": "2024-09-15T15:11:35.461Z", "user": 1, "content_type": 14, "object_id": "134", "object_repr": "Stylus Destructed Roll-Cuff Boyfriend Crop Jeans", "action_flag": 3, "change_message": ""}}, {"model": "admin.logentry", "pk": 146, "fields": {"action_time": "2024-09-15T15:11:35.463Z", "user": 1, "content_type": 14, "object_id": "135", "object_repr": "a.n.a Roll-Cuff Skinny Ankle Jeans", "action_flag": 3, "change_message": ""}}, {"model": "admin.logentry", "pk": 147, "fields": {"action_time": "2024-09-15T15:11:35.465Z", "user": 1, "content_type": 14, "object_id": "136", "object_repr": "Bounce Comfort Plush Memory Foam Chenille Bath Mats", "action_flag": 3, "change_message": ""}}, {"model": "admin.logentry", "pk": 148, "fields": {"action_time": "2024-09-15T15:11:35.466Z", "user": 1, "content_type": 14, "object_id": "137", "object_repr": "Disney Minnie Mouse Girls Athletic Shoes - Toddler", "action_flag": 3, "change_message": ""}}, {"model": "admin.logentry", "pk": 149, "fields": {"action_time": "2024-09-15T15:11:35.468Z", "user": 1, "content_type": 14, "object_id": "138", "object_repr": "Worthington 3/4-Sleeve Open-Front Cardigan Sweater", "action_flag": 3, "change_message": ""}}, {"model": "admin.logentry", "pk": 150, "fields": {"action_time": "2024-09-15T15:11:35.470Z", "user": 1, "content_type": 14, "object_id": "139", "object_repr": "Champion Vapor Muscle Tank - Plus", "action_flag": 3, "change_message": ""}}, {"model": "admin.logentry", "pk": 151, "fields": {"action_time": "2024-09-15T15:11:35.471Z", "user": 1, "content_type": 14, "object_id": "142", "object_repr": "Xersion Mesh-Back Tank Top - Plus", "action_flag": 3, "change_message": ""}}, {"model": "admin.logentry", "pk": 152, "fields": {"action_time": "2024-09-15T15:11:35.473Z", "user": 1, "content_type": 14, "object_id": "143", "object_repr": "Arizona Cropped Jeans with Belt - Girls 7-16 and Plus", "action_flag": 3, "change_message": ""}}, {"model": "admin.logentry", "pk": 153, "fields": {"action_time": "2024-09-15T15:11:35.475Z", "user": 1, "content_type": 14, "object_id": "144", "object_repr": "Liz Claiborne City-Fit 5-Pocket Flared Cropped Jeans - Tall", "action_flag": 3, "change_message": ""}}, {"model": "admin.logentry", "pk": 154, "fields": {"action_time": "2024-09-15T15:11:35.476Z", "user": 1, "content_type": 14, "object_id": "145", "object_repr": "Presto Pizzazz Plus Rotating Oven", "action_flag": 3, "change_message": ""}}, {"model": "admin.logentry", "pk": 155, "fields": {"action_time": "2024-09-15T15:11:35.478Z", "user": 1, "content_type": 14, "object_id": "146", "object_repr": "Rachael Ray 10-pc. Hard-Anodized Cookware Set", "action_flag": 3, "change_message": ""}}, {"model": "admin.logentry", "pk": 156, "fields": {"action_time": "2024-09-15T15:11:35.480Z", "user": 1, "content_type": 14, "object_id": "147", "object_repr": "Island Shores Short-Sleeve Printed Camp Shirt", "action_flag": 3, "change_message": ""}}, {"model": "admin.logentry", "pk": 157, "fields": {"action_time": "2024-09-15T15:11:35.481Z", "user": 1, "content_type": 14, "object_id": "148", "object_repr": "Black+Decker Stainless Steel Rapid 2-Slice Toaster", "action_flag": 3, "change_message": ""}}, {"model": "admin.logentry", "pk": 158, "fields": {"action_time": "2024-09-15T15:11:35.484Z", "user": 1, "content_type": 14, "object_id": "149", "object_repr": "Stylus Linen Crop Pants", "action_flag": 3, "change_message": ""}}, {"model": "admin.logentry", "pk": 159, "fields": {"action_time": "2024-09-15T15:11:35.486Z", "user": 1, "content_type": 14, "object_id": "150", "object_repr": "Carter's Short-Sleeve Shark Tee - Preschool Boys 4-7", "action_flag": 3, "change_message": ""}}, {"model": "admin.logentry", "pk": 160, "fields": {"action_time": "2024-09-15T15:11:35.488Z", "user": 1, "content_type": 14, "object_id": "151", "object_repr": "Made for Life Secretly Slender Capri Leggings - Plus", "action_flag": 3, "change_message": ""}}, {"model": "admin.logentry", "pk": 161, "fields": {"action_time": "2024-09-15T15:11:35.490Z", "user": 1, "content_type": 14, "object_id": "152", "object_repr": "Arizona Raw-Edge Denim Bermuda Shorts - Juniors Plus", "action_flag": 3, "change_message": ""}}, {"model": "admin.logentry", "pk": 162, "fields": {"action_time": "2024-09-15T15:11:35.492Z", "user": 1, "content_type": 14, "object_id": "153", "object_repr": "Made For Life Short-Sleeve Print V-Neck Mesh T-Shirt - Tall", "action_flag": 3, "change_message": ""}}, {"model": "admin.logentry", "pk": 163, "fields": {"action_time": "2024-09-15T15:11:35.493Z", "user": 1, "content_type": 14, "object_id": "154", "object_repr": "Dockers Signature Classic-Fit Flat-Front Pants", "action_flag": 3, "change_message": ""}}, {"model": "admin.logentry", "pk": 164, "fields": {"action_time": "2024-09-15T15:11:35.495Z", "user": 1, "content_type": 14, "object_id": "155", "object_repr": "Stylus Long-Sleeve Back-Pleat Oversized Shirt- Petite", "action_flag": 3, "change_message": ""}}, {"model": "admin.logentry", "pk": 165, "fields": {"action_time": "2024-09-15T15:11:35.497Z", "user": 1, "content_type": 14, "object_id": "156", "object_repr": "Graham & Co. Dress Shirt, Tie and Pre-Tied Bow Tie", "action_flag": 3, "change_message": ""}}, {"model": "admin.logentry", "pk": 166, "fields": {"action_time": "2024-09-15T15:11:35.499Z", "user": 1, "content_type": 14, "object_id": "157", "object_repr": "Arizona Flex Skinny Jeans", "action_flag": 3, "change_message": ""}}, {"model": "admin.logentry", "pk": 167, "fields": {"action_time": "2024-09-15T15:11:35.500Z", "user": 1, "content_type": 14, "object_id": "158", "object_repr": "Worthington Embroidered Tank Top - Tall", "action_flag": 3, "change_message": ""}}, {"model": "admin.logentry", "pk": 168, "fields": {"action_time": "2024-09-15T15:11:35.502Z", "user": 1, "content_type": 14, "object_id": "159", "object_repr": "Made for Life Mesh Shorts - Tall", "action_flag": 3, "change_message": ""}}, {"model": "admin.logentry", "pk": 169, "fields": {"action_time": "2024-09-15T15:11:35.504Z", "user": 1, "content_type": 14, "object_id": "160", "object_repr": "Worthington Slim-Fit Cropped Pants", "action_flag": 3, "change_message": ""}}, {"model": "admin.logentry", "pk": 170, "fields": {"action_time": "2024-09-15T15:11:35.505Z", "user": 1, "content_type": 14, "object_id": "161", "object_repr": "Arizona Poplin Cargo Shorts - Boys 8-20", "action_flag": 3, "change_message": ""}}, {"model": "admin.logentry", "pk": 171, "fields": {"action_time": "2024-09-15T15:11:35.507Z", "user": 1, "content_type": 14, "object_id": "162", "object_repr": "a.n.a Sleeveless Cinched Waist Knit Jumpsuit", "action_flag": 3, "change_message": ""}}, {"model": "admin.logentry", "pk": 172, "fields": {"action_time": "2024-09-15T15:11:35.508Z", "user": 1, "content_type": 14, "object_id": "163", "object_repr": "i jeans by Buffalo Lace Midi Skirt", "action_flag": 3, "change_message": ""}}, {"model": "admin.logentry", "pk": 173, "fields": {"action_time": "2024-09-15T15:11:35.510Z", "user": 1, "content_type": 14, "object_id": "164", "object_repr": "Liz Claiborne Roll-Cuff Cargo Shorts", "action_flag": 3, "change_message": ""}}, {"model": "admin.logentry", "pk": 174, "fields": {"action_time": "2024-09-15T15:11:35.511Z", "user": 1, "content_type": 14, "object_id": "165", "object_repr": "Worthington Mixed Media Open Back Blouse - Plus", "action_flag": 3, "change_message": ""}}, {"model": "admin.logentry", "pk": 175, "fields": {"action_time": "2024-09-15T15:11:35.514Z", "user": 1, "content_type": 14, "object_id": "166", "object_repr": "Steve Harvey Linen Blend Vest - Big & Tall", "action_flag": 3, "change_message": ""}}, {"model": "admin.logentry", "pk": 176, "fields": {"action_time": "2024-09-15T15:11:35.516Z", "user": 1, "content_type": 14, "object_id": "167", "object_repr": "Studio 1 Sleeveless Embellished-Neck Handkerchief Dress - Plus", "action_flag": 3, "change_message": ""}}, {"model": "admin.logentry", "pk": 177, "fields": {"action_time": "2024-09-15T15:11:35.517Z", "user": 1, "content_type": 14, "object_id": "168", "object_repr": "Danny & Nicole Sleeveless Printed Fit-and-Flare Dress - Plus", "action_flag": 3, "change_message": ""}}, {"model": "admin.logentry", "pk": 178, "fields": {"action_time": "2024-09-15T15:11:35.519Z", "user": 1, "content_type": 14, "object_id": "169", "object_repr": "MaryJane's Home Cotton Clouds Square Decorative Pillow", "action_flag": 3, "change_message": ""}}, {"model": "admin.logentry", "pk": 179, "fields": {"action_time": "2024-09-15T15:11:35.521Z", "user": 1, "content_type": 14, "object_id": "170", "object_repr": "City Triangles Sleeveless Lace Top Printed Short Belted Romper", "action_flag": 3, "change_message": ""}}, {"model": "admin.logentry", "pk": 180, "fields": {"action_time": "2024-09-15T15:11:35.522Z", "user": 1, "content_type": 14, "object_id": "171", "object_repr": "by&by Spaghetti Strap Crochet Inset Waist Dress", "action_flag": 3, "change_message": ""}}, {"model": "admin.logentry", "pk": 181, "fields": {"action_time": "2024-09-15T15:11:35.524Z", "user": 1, "content_type": 14, "object_id": "172", "object_repr": "Stylus Flare Jeans", "action_flag": 3, "change_message": ""}}, {"model": "admin.logentry", "pk": 182, "fields": {"action_time": "2024-09-15T15:11:35.526Z", "user": 1, "content_type": 14, "object_id": "173", "object_repr": "Alyx Printed Maxi Skirt", "action_flag": 3, "change_message": ""}}, {"model": "admin.logentry", "pk": 183, "fields": {"action_time": "2024-09-15T15:11:35.527Z", "user": 1, "content_type": 14, "object_id": "174", "object_repr": "St. John's Bay Ikat Sharkbite Tank Top", "action_flag": 3, "change_message": ""}}, {"model": "admin.logentry", "pk": 184, "fields": {"action_time": "2024-09-15T15:13:33.821Z", "user": 1, "content_type": 13, "object_id": "10", "object_repr": "Android Smartphone", "action_flag": 1, "change_message": "[{\"added\": {}}]"}}, {"model": "admin.logentry", "pk": 185, "fields": {"action_time": "2024-09-15T15:13:47.247Z", "user": 1, "content_type": 13, "object_id": "11", "object_repr": "Android Tablets", "action_flag": 1, "change_message": "[{\"added\": {}}]"}}, {"model": "admin.logentry", "pk": 186, "fields": {"action_time": "2024-09-15T15:14:04.892Z", "user": 1, "content_type": 13, "object_id": "12", "object_repr": "Apple Ipad", "action_flag": 1, "change_message": "[{\"added\": {}}]"}}, {"model": "admin.logentry", "pk": 187, "fields": {"action_time": "2024-09-15T15:14:26.421Z", "user": 1, "content_type": 13, "object_id": "13", "object_repr": "Apple Iphone", "action_flag": 1, "change_message": "[{\"added\": {}}]"}}, {"model": "admin.logentry", "pk": 188, "fields": {"action_time": "2024-09-15T15:14:37.793Z", "user": 1, "content_type": 13, "object_id": "14", "object_repr": "Batteries", "action_flag": 1, "change_message": "[{\"added\": {}}]"}}, {"model": "admin.logentry", "pk": 189, "fields": {"action_time": "2024-09-15T15:14:55.889Z", "user": 1, "content_type": 13, "object_id": "15", "object_repr": "Bluetooth Headphones", "action_flag": 1, "change_message": "[{\"added\": {}}]"}}, {"model": "admin.logentry", "pk": 190, "fields": {"action_time": "2024-09-15T15:15:07.340Z", "user": 1, "content_type": 13, "object_id": "16", "object_repr": "Chargers & Adapters", "action_flag": 1, "change_message": "[{\"added\": {}}]"}}, {"model": "admin.logentry", "pk": 191, "fields": {"action_time": "2024-09-15T15:15:17.919Z", "user": 1, "content_type": 13, "object_id": "17", "object_repr": "Desktop Computers", "action_flag": 1, "change_message": "[{\"added\": {}}]"}}, {"model": "admin.logentry", "pk": 192, "fields": {"action_time": "2024-09-15T15:15:28.385Z", "user": 1, "content_type": 13, "object_id": "18", "object_repr": "Earbud Headphones", "action_flag": 1, "change_message": "[{\"added\": {}}]"}}, {"model": "admin.logentry", "pk": 193, "fields": {"action_time": "2024-09-15T15:15:43.098Z", "user": 1, "content_type": 13, "object_id": "19", "object_repr": "Gaming PC", "action_flag": 1, "change_message": "[{\"added\": {}}]"}}, {"model": "admin.logentry", "pk": 194, "fields": {"action_time": "2024-09-15T15:16:01.091Z", "user": 1, "content_type": 13, "object_id": "20", "object_repr": "Google Pixel", "action_flag": 1, "change_message": "[{\"added\": {}}]"}}, {"model": "admin.logentry", "pk": 195, "fields": {"action_time": "2024-09-15T15:16:12.188Z", "user": 1, "content_type": 13, "object_id": "21", "object_repr": "Home Theater System", "action_flag": 1, "change_message": "[{\"added\": {}}]"}}, {"model": "admin.logentry", "pk": 196, "fields": {"action_time": "2024-09-15T15:16:22.882Z", "user": 1, "content_type": 13, "object_id": "22", "object_repr": "Laptops & Tablets", "action_flag": 1, "change_message": "[{\"added\": {}}]"}}, {"model": "admin.logentry", "pk": 197, "fields": {"action_time": "2024-09-15T15:16:31.942Z", "user": 1, "content_type": 13, "object_id": "23", "object_repr": "Monitors", "action_flag": 1, "change_message": "[{\"added\": {}}]"}}, {"model": "admin.logentry", "pk": 198, "fields": {"action_time": "2024-09-15T15:16:49.181Z", "user": 1, "content_type": 13, "object_id": "24", "object_repr": "Noise-Cancelling Headpones", "action_flag": 1, "change_message": "[{\"added\": {}}]"}}, {"model": "admin.logentry", "pk": 199, "fields": {"action_time": "2024-09-15T15:17:07.062Z", "user": 1, "content_type": 13, "object_id": "25", "object_repr": "On-Ear Headphones", "action_flag": 1, "change_message": "[{\"added\": {}}]"}}, {"model": "admin.logentry", "pk": 200, "fields": {"action_time": "2024-09-15T15:17:27.656Z", "user": 1, "content_type": 13, "object_id": "26", "object_repr": "Over-Ear Headphones", "action_flag": 1, "change_message": "[{\"added\": {}}]"}}, {"model": "admin.logentry", "pk": 201, "fields": {"action_time": "2024-09-15T15:18:00.652Z", "user": 1, "content_type": 13, "object_id": "27", "object_repr": "Playstation 4", "action_flag": 1, "change_message": "[{\"added\": {}}]"}}, {"model": "admin.logentry", "pk": 202, "fields": {"action_time": "2024-09-15T15:18:10.674Z", "user": 1, "content_type": 13, "object_id": "28", "object_repr": "Playstation 5", "action_flag": 1, "change_message": "[{\"added\": {}}]"}}, {"model": "admin.logentry", "pk": 203, "fields": {"action_time": "2024-09-15T15:18:19.919Z", "user": 1, "content_type": 13, "object_id": "29", "object_repr": "Sound Boosters", "action_flag": 1, "change_message": "[{\"added\": {}}]"}}, {"model": "admin.logentry", "pk": 204, "fields": {"action_time": "2024-09-15T15:18:36.452Z", "user": 1, "content_type": 13, "object_id": "30", "object_repr": "Sound Systems", "action_flag": 1, "change_message": "[{\"added\": {}}]"}}, {"model": "admin.logentry", "pk": 205, "fields": {"action_time": "2024-09-15T15:18:46.192Z", "user": 1, "content_type": 13, "object_id": "31", "object_repr": "Sub Woofers", "action_flag": 1, "change_message": "[{\"added\": {}}]"}}, {"model": "admin.logentry", "pk": 206, "fields": {"action_time": "2024-09-15T15:18:55.181Z", "user": 1, "content_type": 13, "object_id": "32", "object_repr": "Television", "action_flag": 1, "change_message": "[{\"added\": {}}]"}}, {"model": "admin.logentry", "pk": 207, "fields": {"action_time": "2024-09-15T15:19:11.711Z", "user": 1, "content_type": 13, "object_id": "33", "object_repr": "Video Games", "action_flag": 1, "change_message": "[{\"added\": {}}]"}}, {"model": "admin.logentry", "pk": 208, "fields": {"action_time": "2024-09-15T15:19:27.951Z", "user": 1, "content_type": 13, "object_id": "34", "object_repr": "Xbox Series X", "action_flag": 1, "change_message": "[{\"added\": {}}]"}}, {"model": "admin.logentry", "pk": 209, "fields": {"action_time": "2024-09-15T15:26:44.042Z", "user": 1, "content_type": 14, "object_id": "175", "object_repr": "SAMSUNG Galaxy A15 - 128 GB, Blue Black", "action_flag": 1, "change_message": "[{\"added\": {}}]"}}, {"model": "admin.logentry", "pk": 210, "fields": {"action_time": "2024-09-15T15:29:55.552Z", "user": 1, "content_type": 14, "object_id": "176", "object_repr": "SAMSUNG Galaxy A55 5G - 256 GB", "action_flag": 1, "change_message": "[{\"added\": {}}]"}}, {"model": "admin.logentry", "pk": 211, "fields": {"action_time": "2024-09-15T15:30:07.653Z", "user": 1, "content_type": 14, "object_id": "175", "object_repr": "SAMSUNG Galaxy A15 - 128 GB", "action_flag": 2, "change_message": "[{\"changed\": {\"fields\": [\"Name\"]}}]"}}, {"model": "admin.logentry", "pk": 212, "fields": {"action_time": "2024-09-15T15:31:44.422Z", "user": 1, "content_type": 14, "object_id": "176", "object_repr": "SAMSUNG Galaxy A55 5G - 256 GB", "action_flag": 2, "change_message": "[{\"changed\": {\"fields\": [\"Description\"]}}]"}}, {"model": "admin.logentry", "pk": 213, "fields": {"action_time": "2024-09-15T15:32:13.592Z", "user": 1, "content_type": 14, "object_id": "175", "object_repr": "SAMSUNG Galaxy A15 - 128 GB", "action_flag": 2, "change_message": "[{\"changed\": {\"fields\": [\"Description\"]}}]"}}, {"model": "admin.logentry", "pk": 214, "fields": {"action_time": "2024-09-15T15:34:05.645Z", "user": 1, "content_type": 14, "object_id": "177", "object_repr": "SAMSUNG Galaxy A55 5G - 256 GB", "action_flag": 1, "change_message": "[{\"added\": {}}]"}}, {"model": "admin.logentry", "pk": 215, "fields": {"action_time": "2024-09-15T15:35:11.382Z", "user": 1, "content_type": 14, "object_id": "178", "object_repr": "SAMSUNG Galaxy S24 - 128 GB", "action_flag": 1, "change_message": "[{\"added\": {}}]"}}, {"model": "admin.logentry", "pk": 216, "fields": {"action_time": "2024-09-15T15:36:19.203Z", "user": 1, "content_type": 14, "object_id": "179", "object_repr": "SAMSUNG Galaxy S24 Ultra - 256 GB", "action_flag": 1, "change_message": "[{\"added\": {}}]"}}, {"model": "admin.logentry", "pk": 217, "fields": {"action_time": "2024-09-15T15:38:49.640Z", "user": 1, "content_type": 14, "object_id": "180", "object_repr": "LENOVO Tab Extreme 14.5 Tablet", "action_flag": 1, "change_message": "[{\"added\": {}}]"}}, {"model": "admin.logentry", "pk": 218, "fields": {"action_time": "2024-09-15T15:40:43.420Z", "user": 1, "content_type": 14, "object_id": "181", "object_repr": "LENOVO Tab M10 10.1 Tablet - 64 GB", "action_flag": 1, "change_message": "[{\"added\": {}}]"}}, {"model": "admin.logentry", "pk": 219, "fields": {"action_time": "2024-09-15T15:41:40.944Z", "user": 1, "content_type": 14, "object_id": "182", "object_repr": "LENOVO Tab P12 12.7 Tablet - 128 GB", "action_flag": 1, "change_message": "[{\"added\": {}}]"}}, {"model": "admin.logentry", "pk": 220, "fields": {"action_time": "2024-09-15T15:43:16.071Z", "user": 1, "content_type": 14, "object_id": "183", "object_repr": "LENOVO Tab Plus 11.5 Tablet with Sleeve - 128 GB", "action_flag": 1, "change_message": "[{\"added\": {}}]"}}, {"model": "admin.logentry", "pk": 221, "fields": {"action_time": "2024-09-15T15:44:08.839Z", "user": 1, "content_type": 14, "object_id": "184", "object_repr": "SAMSUNG Galaxy Tab A9+ 11 Tablet - 64 GB", "action_flag": 1, "change_message": "[{\"added\": {}}]"}}, {"model": "admin.logentry", "pk": 222, "fields": {"action_time": "2024-09-15T15:45:56.992Z", "user": 1, "content_type": 14, "object_id": "185", "object_repr": "SAMSUNG Galaxy Tab S9 FE 10.9 Tablet - 128 GB GB, Grey", "action_flag": 1, "change_message": "[{\"added\": {}}]"}}, {"model": "admin.logentry", "pk": 223, "fields": {"action_time": "2024-09-15T15:47:18.036Z", "user": 1, "content_type": 14, "object_id": "186", "object_repr": "APPLE 10.2 iPad (2021) - 64 GB", "action_flag": 1, "change_message": "[{\"added\": {}}]"}}, {"model": "admin.logentry", "pk": 224, "fields": {"action_time": "2024-09-15T15:50:33.581Z", "user": 1, "content_type": 14, "object_id": "187", "object_repr": "APPLE 10.9 iPad (2022) - 64 GB", "action_flag": 1, "change_message": "[{\"added\": {}}]"}}, {"model": "admin.logentry", "pk": 225, "fields": {"action_time": "2024-09-15T15:51:31.594Z", "user": 1, "content_type": 14, "object_id": "188", "object_repr": "APPLE 10.9 iPad (2022) - 64 GB", "action_flag": 1, "change_message": "[{\"added\": {}}]"}}, {"model": "admin.logentry", "pk": 226, "fields": {"action_time": "2024-09-15T15:52:27.913Z", "user": 1, "content_type": 14, "object_id": "189", "object_repr": "APPLE 10.9 iPad Air (2022) - 64 GB", "action_flag": 1, "change_message": "[{\"added\": {}}]"}}, {"model": "admin.logentry", "pk": 227, "fields": {"action_time": "2024-09-15T15:54:38.190Z", "user": 1, "content_type": 14, "object_id": "190", "object_repr": "APPLE 11 iPad Air (2024) - 128 GB", "action_flag": 1, "change_message": "[{\"added\": {}}]"}}, {"model": "admin.logentry", "pk": 228, "fields": {"action_time": "2024-09-15T15:56:50.919Z", "user": 1, "content_type": 14, "object_id": "191", "object_repr": "APPLE 11 iPad Pro (2024) - 256 GB", "action_flag": 1, "change_message": "[{\"added\": {}}]"}}, {"model": "admin.logentry", "pk": 229, "fields": {"action_time": "2024-09-15T15:57:51.837Z", "user": 1, "content_type": 14, "object_id": "192", "object_repr": "APPLE iPhone 14 - 128 GB", "action_flag": 1, "change_message": "[{\"added\": {}}]"}}, {"model": "admin.logentry", "pk": 230, "fields": {"action_time": "2024-09-15T15:58:47.125Z", "user": 1, "content_type": 14, "object_id": "193", "object_repr": "APPLE iPhone 15 - 128 GB", "action_flag": 1, "change_message": "[{\"added\": {}}]"}}, {"model": "admin.logentry", "pk": 231, "fields": {"action_time": "2024-09-15T15:59:43.959Z", "user": 1, "content_type": 14, "object_id": "194", "object_repr": "APPLE iPhone 15 - 128 GB", "action_flag": 1, "change_message": "[{\"added\": {}}]"}}, {"model": "admin.logentry", "pk": 232, "fields": {"action_time": "2024-09-15T16:00:39.125Z", "user": 1, "content_type": 14, "object_id": "195", "object_repr": "APPLE iPhone 15 - 256 GB", "action_flag": 1, "change_message": "[{\"added\": {}}]"}}, {"model": "admin.logentry", "pk": 233, "fields": {"action_time": "2024-09-15T16:01:34.744Z", "user": 1, "content_type": 14, "object_id": "196", "object_repr": "APPLE iPhone 15 Pro - 128 GB", "action_flag": 1, "change_message": "[{\"added\": {}}]"}}, {"model": "admin.logentry", "pk": 234, "fields": {"action_time": "2024-09-15T16:02:35.591Z", "user": 1, "content_type": 14, "object_id": "197", "object_repr": "APPLE iPhone 15 Pro - 128 GB", "action_flag": 1, "change_message": "[{\"added\": {}}]"}}, {"model": "admin.logentry", "pk": 235, "fields": {"action_time": "2024-09-15T16:03:39.474Z", "user": 1, "content_type": 14, "object_id": "198", "object_repr": "APPLE iPhone 15 Pro Max - 256 GB", "action_flag": 1, "change_message": "[{\"added\": {}}]"}}, {"model": "admin.logentry", "pk": 236, "fields": {"action_time": "2024-09-15T16:04:45.018Z", "user": 1, "content_type": 14, "object_id": "199", "object_repr": "APPLE iPhone 15 Pro Max - 256 GB", "action_flag": 1, "change_message": "[{\"added\": {}}]"}}, {"model": "admin.logentry", "pk": 237, "fields": {"action_time": "2024-09-15T16:06:00.975Z", "user": 1, "content_type": 14, "object_id": "200", "object_repr": "APPLE iPhone 16 - 128 GB", "action_flag": 1, "change_message": "[{\"added\": {}}]"}}, {"model": "admin.logentry", "pk": 238, "fields": {"action_time": "2024-09-15T16:06:56.913Z", "user": 1, "content_type": 14, "object_id": "201", "object_repr": "APPLE iPhone 16 Pro - 128 GB", "action_flag": 1, "change_message": "[{\"added\": {}}]"}}, {"model": "admin.logentry", "pk": 239, "fields": {"action_time": "2024-09-16T12:09:31.760Z", "user": 1, "content_type": 14, "object_id": "202", "object_repr": "CANON BG-E21 Battery Grip", "action_flag": 1, "change_message": "[{\"added\": {}}]"}}, {"model": "admin.logentry", "pk": 240, "fields": {"action_time": "2024-09-16T12:10:22.775Z", "user": 1, "content_type": 14, "object_id": "203", "object_repr": "DURACELL CEF14 4-Battery Charger with Batteries", "action_flag": 1, "change_message": "[{\"added\": {}}]"}}, {"model": "admin.logentry", "pk": 241, "fields": {"action_time": "2024-09-16T13:16:44.627Z", "user": 1, "content_type": 14, "object_id": "204", "object_repr": "DURACELL CEF27 4-Battery Charger with Batteries", "action_flag": 1, "change_message": "[{\"added\": {}}]"}}, {"model": "admin.logentry", "pk": 242, "fields": {"action_time": "2024-09-16T13:17:54.054Z", "user": 1, "content_type": 14, "object_id": "205", "object_repr": "DURACELL DL2025-CR2025-ECR2025 Lithium Batteries", "action_flag": 1, "change_message": "[{\"added\": {}}]"}}, {"model": "admin.logentry", "pk": 243, "fields": {"action_time": "2024-09-16T13:19:43.743Z", "user": 1, "content_type": 14, "object_id": "206", "object_repr": "DURACELL HR9V-DC1604 9V Rechargeable NiMH Battery", "action_flag": 1, "change_message": "[{\"added\": {}}]"}}, {"model": "admin.logentry", "pk": 244, "fields": {"action_time": "2024-09-16T13:23:09.374Z", "user": 1, "content_type": 14, "object_id": "207", "object_repr": "BEATS Solo 3 Wireless Bluetooth Headphones", "action_flag": 1, "change_message": "[{\"added\": {}}]"}}, {"model": "admin.logentry", "pk": 245, "fields": {"action_time": "2024-09-16T13:24:15.106Z", "user": 1, "content_type": 14, "object_id": "208", "object_repr": "BEATS Solo 4 Wireless Bluetooth Headphones", "action_flag": 1, "change_message": "[{\"added\": {}}]"}}, {"model": "admin.logentry", "pk": 246, "fields": {"action_time": "2024-09-16T13:26:09.219Z", "user": 1, "content_type": 14, "object_id": "209", "object_repr": "BEATS Solo 4 Wireless Bluetooth Headphones", "action_flag": 1, "change_message": "[{\"added\": {}}]"}}, {"model": "admin.logentry", "pk": 247, "fields": {"action_time": "2024-09-16T13:28:01.988Z", "user": 1, "content_type": 14, "object_id": "210", "object_repr": "MONDO by Defunc M1012 Wireless Bluetooth Headphones", "action_flag": 1, "change_message": "[{\"added\": {}}]"}}, {"model": "admin.logentry", "pk": 248, "fields": {"action_time": "2024-09-16T13:29:41.390Z", "user": 1, "content_type": 14, "object_id": "211", "object_repr": "SONY WH-CH520B Wireless Bluetooth Headphones", "action_flag": 1, "change_message": "[{\"added\": {}}]"}}, {"model": "admin.logentry", "pk": 249, "fields": {"action_time": "2024-09-16T13:30:51.182Z", "user": 1, "content_type": 14, "object_id": "212", "object_repr": "SONY WH-CH520C Wireless Bluetooth Headphones", "action_flag": 1, "change_message": "[{\"added\": {}}]"}}, {"model": "admin.logentry", "pk": 250, "fields": {"action_time": "2024-09-16T13:32:13.885Z", "user": 1, "content_type": 14, "object_id": "213", "object_repr": "SONY WH-CH520W Wireless Bluetooth Headphones", "action_flag": 1, "change_message": "[{\"added\": {}}]"}}, {"model": "admin.logentry", "pk": 251, "fields": {"action_time": "2024-09-16T13:36:26.306Z", "user": 1, "content_type": 14, "object_id": "214", "object_repr": "APPLE 20 W USB Type-C Power Adapter", "action_flag": 1, "change_message": "[{\"added\": {}}]"}}, {"model": "admin.logentry", "pk": 252, "fields": {"action_time": "2024-09-16T13:38:06.952Z", "user": 1, "content_type": 14, "object_id": "215", "object_repr": "APPLE Lightning to USB Adapter", "action_flag": 1, "change_message": "[{\"added\": {}}]"}}, {"model": "admin.logentry", "pk": 253, "fields": {"action_time": "2024-09-16T13:39:32.024Z", "user": 1, "content_type": 14, "object_id": "216", "object_repr": "BELKIN Dual 24 W USB Car Charger", "action_flag": 1, "change_message": "[{\"added\": {}}]"}}, {"model": "admin.logentry", "pk": 254, "fields": {"action_time": "2024-09-16T13:40:51.291Z", "user": 1, "content_type": 14, "object_id": "217", "object_repr": "BELKIN F7U080btBLK Dual USB-C Aux and Charge Adapter", "action_flag": 1, "change_message": "[{\"added\": {}}]"}}, {"model": "admin.logentry", "pk": 255, "fields": {"action_time": "2024-09-16T13:45:00.088Z", "user": 1, "content_type": 14, "object_id": "218", "object_repr": "APPLE iMac 4.5K 24 (2023) - M3, 512 GB SSD", "action_flag": 1, "change_message": "[{\"added\": {}}]"}}, {"model": "admin.logentry", "pk": 256, "fields": {"action_time": "2024-09-16T13:48:14.949Z", "user": 1, "content_type": 14, "object_id": "219", "object_repr": "ASUS A3402WVAK-WPC127W 23.8 All-in-One PC - Intel Core 5, 1 TB SSD", "action_flag": 1, "change_message": "[{\"added\": {}}]"}}, {"model": "admin.logentry", "pk": 257, "fields": {"action_time": "2024-09-16T13:49:44.038Z", "user": 1, "content_type": 14, "object_id": "220", "object_repr": "HP 24-cb1002na 23.8 All-in-One PC - Intel Core i5, 512 GB SSD", "action_flag": 1, "change_message": "[{\"added\": {}}]"}}, {"model": "admin.logentry", "pk": 258, "fields": {"action_time": "2024-09-16T13:56:12.110Z", "user": 1, "content_type": 14, "object_id": "221", "object_repr": "BEATS Solo Buds Wireless Bluetooth Earbuds", "action_flag": 1, "change_message": "[{\"added\": {}}]"}}, {"model": "admin.logentry", "pk": 259, "fields": {"action_time": "2024-09-16T13:58:02.168Z", "user": 1, "content_type": 14, "object_id": "222", "object_repr": "JLAB GO Air POP Wireless Bluetooth Earbuds", "action_flag": 1, "change_message": "[{\"added\": {}}]"}}, {"model": "admin.logentry", "pk": 260, "fields": {"action_time": "2024-09-16T13:59:57.203Z", "user": 1, "content_type": 14, "object_id": "223", "object_repr": "JLAB GO Air POP Wireless Bluetooth Earbuds", "action_flag": 1, "change_message": "[{\"added\": {}}]"}}, {"model": "admin.logentry", "pk": 261, "fields": {"action_time": "2024-09-16T14:01:40.229Z", "user": 1, "content_type": 14, "object_id": "224", "object_repr": "JLAB GO Air POP Wireless Bluetooth Earbuds", "action_flag": 1, "change_message": "[{\"added\": {}}]"}}, {"model": "admin.logentry", "pk": 262, "fields": {"action_time": "2024-09-16T14:04:43.871Z", "user": 1, "content_type": 14, "object_id": "225", "object_repr": "ACER Nitro N50-650 Gaming PC - Intel Core i5, RTX 4060, 1 TB SSD", "action_flag": 1, "change_message": "[{\"added\": {}}]"}}, {"model": "admin.logentry", "pk": 263, "fields": {"action_time": "2024-09-16T14:06:20.893Z", "user": 1, "content_type": 14, "object_id": "226", "object_repr": "HP OMEN 25L Gaming Desktop PC, RTX 4060 Ti 8GB, Intel Core i5, 16GB DDR5 RAM, 1TB SSD", "action_flag": 1, "change_message": "[{\"added\": {}}]"}}, {"model": "admin.logentry", "pk": 264, "fields": {"action_time": "2024-09-16T14:08:04.456Z", "user": 1, "content_type": 14, "object_id": "227", "object_repr": "HP Victus 15L Gaming Desktop PC, AMD Ryzen 5, RTX 3050 8GB, 512GB SSD", "action_flag": 1, "change_message": "[{\"added\": {}}]"}}, {"model": "admin.logentry", "pk": 265, "fields": {"action_time": "2024-09-16T14:09:42.792Z", "user": 1, "content_type": 14, "object_id": "228", "object_repr": "GOOGLE Pixel 7 Pro - 128 GB, Hazel", "action_flag": 1, "change_message": "[{\"added\": {}}]"}}, {"model": "admin.logentry", "pk": 266, "fields": {"action_time": "2024-09-18T18:44:19.139Z", "user": 1, "content_type": 14, "object_id": "229", "object_repr": "GOOGLE Pixel 8 - 128 GB, Obsidian", "action_flag": 1, "change_message": "[{\"added\": {}}]"}}, {"model": "admin.logentry", "pk": 267, "fields": {"action_time": "2024-09-18T18:46:40.457Z", "user": 1, "content_type": 14, "object_id": "230", "object_repr": "GOOGLE Pixel 8 - 256 GB, Hazel", "action_flag": 1, "change_message": "[{\"added\": {}}]"}}, {"model": "admin.logentry", "pk": 268, "fields": {"action_time": "2024-09-18T18:48:48.572Z", "user": 1, "content_type": 14, "object_id": "231", "object_repr": "GOOGLE Pixel 8 - 256 GB, Obsidian", "action_flag": 1, "change_message": "[{\"added\": {}}]"}}, {"model": "admin.logentry", "pk": 269, "fields": {"action_time": "2024-09-18T18:51:09.694Z", "user": 1, "content_type": 14, "object_id": "232", "object_repr": "GOOGLE Pixel 8 - 256 GB, Rose", "action_flag": 1, "change_message": "[{\"added\": {}}]"}}, {"model": "admin.logentry", "pk": 270, "fields": {"action_time": "2024-09-18T18:53:18.086Z", "user": 1, "content_type": 14, "object_id": "233", "object_repr": "GOOGLE Pixel 9 - 256 GB, Porcelain", "action_flag": 1, "change_message": "[{\"added\": {}}]"}}, {"model": "admin.logentry", "pk": 271, "fields": {"action_time": "2024-09-18T18:55:41.214Z", "user": 1, "content_type": 14, "object_id": "234", "object_repr": "SONY BRAVIA Theatre Bar 8 (HT-A8000) 11.0 Sound Bar with Dolby Atmos", "action_flag": 1, "change_message": "[{\"added\": {}}]"}}, {"model": "admin.logentry", "pk": 272, "fields": {"action_time": "2024-09-18T18:58:08.698Z", "user": 1, "content_type": 14, "object_id": "235", "object_repr": "SONY BRAVIA Theatre Bar 9 (HT-A9000) 13.0 Sound Bar with Dolby Atmos", "action_flag": 1, "change_message": "[{\"added\": {}}]"}}, {"model": "admin.logentry", "pk": 273, "fields": {"action_time": "2024-09-18T19:00:03.366Z", "user": 1, "content_type": 14, "object_id": "236", "object_repr": "SONY BRAVIA Theatre Quad (HTA9M2) 4.0.4 Home Cinema System with Dolby Atmos - Grey", "action_flag": 1, "change_message": "[{\"added\": {}}]"}}, {"model": "admin.logentry", "pk": 274, "fields": {"action_time": "2024-09-18T19:02:56.733Z", "user": 1, "content_type": 14, "object_id": "237", "object_repr": "SONY BRAVIA Theatre U (HTAN7) Neckband with Dolby Atmos - Black", "action_flag": 1, "change_message": "[{\"added\": {}}]"}}, {"model": "admin.logentry", "pk": 275, "fields": {"action_time": "2024-09-18T19:06:25.772Z", "user": 1, "content_type": 14, "object_id": "238", "object_repr": "SONY HT-AX7 2.1 Portable Theatre System", "action_flag": 1, "change_message": "[{\"added\": {}}]"}}, {"model": "admin.logentry", "pk": 276, "fields": {"action_time": "2024-09-18T19:08:56.412Z", "user": 1, "content_type": 14, "object_id": "239", "object_repr": "APPLE 10.2 iPad (2021) - 64 GB", "action_flag": 1, "change_message": "[{\"added\": {}}]"}}, {"model": "admin.logentry", "pk": 277, "fields": {"action_time": "2024-09-18T19:13:18.308Z", "user": 1, "content_type": 14, "object_id": "240", "object_repr": "APPLE 10.9 iPad (2022) - 256 GB", "action_flag": 1, "change_message": "[{\"added\": {}}]"}}, {"model": "admin.logentry", "pk": 278, "fields": {"action_time": "2024-09-18T19:17:42.456Z", "user": 1, "content_type": 14, "object_id": "241", "object_repr": "APPLE 10.9 iPad Air (2022) - 64 GB", "action_flag": 1, "change_message": "[{\"added\": {}}]"}}, {"model": "admin.logentry", "pk": 279, "fields": {"action_time": "2024-09-18T19:19:08.603Z", "user": 1, "content_type": 14, "object_id": "242", "object_repr": "APPLE MacBook Air 13.6 2022 - M2 256 GB SSD Midnight", "action_flag": 1, "change_message": "[{\"added\": {}}]"}}, {"model": "admin.logentry", "pk": 280, "fields": {"action_time": "2024-09-18T19:20:23.833Z", "user": 1, "content_type": 14, "object_id": "243", "object_repr": "ASUS Vivobook S 15 S5506MA 15.6 Laptop - Intel Core Ultra 9, 1 TB SSD", "action_flag": 1, "change_message": "[{\"added\": {}}]"}}, {"model": "admin.logentry", "pk": 281, "fields": {"action_time": "2024-09-18T19:22:12.105Z", "user": 1, "content_type": 14, "object_id": "244", "object_repr": "ASUS Zenbook S 14 14 Laptop  Intel Core Ultra 9, 1 TB SSD", "action_flag": 1, "change_message": "[{\"added\": {}}]"}}, {"model": "admin.logentry", "pk": 282, "fields": {"action_time": "2024-09-18T19:24:27.804Z", "user": 1, "content_type": 14, "object_id": "245", "object_repr": "HP 15a-nb0502sa 15. Chromebook Plus - Intel Core i3, 128 GB SSD,", "action_flag": 1, "change_message": "[{\"added\": {}}]"}}, {"model": "admin.logentry", "pk": 283, "fields": {"action_time": "2024-09-18T19:25:52.687Z", "user": 1, "content_type": 14, "object_id": "246", "object_repr": "HP ENVY x360 14 2 in 1 Laptop - AMD Ryzen 5, 512 GB SSD", "action_flag": 1, "change_message": "[{\"added\": {}}]"}}, {"model": "admin.logentry", "pk": 284, "fields": {"action_time": "2024-09-18T19:28:43.995Z", "user": 1, "content_type": 14, "object_id": "247", "object_repr": "HP Pavilion 16-ag0508sa 16 Laptop - AMD Ryzen 5, 512 GB SSD", "action_flag": 1, "change_message": "[{\"added\": {}}]"}}, {"model": "admin.logentry", "pk": 285, "fields": {"action_time": "2024-09-18T19:32:51.619Z", "user": 1, "content_type": 13, "object_id": "34", "object_repr": "Xbox Series X", "action_flag": 3, "change_message": ""}}, {"model": "admin.logentry", "pk": 286, "fields": {"action_time": "2024-09-18T19:32:51.621Z", "user": 1, "content_type": 13, "object_id": "33", "object_repr": "Video Games", "action_flag": 3, "change_message": ""}}, {"model": "admin.logentry", "pk": 287, "fields": {"action_time": "2024-09-18T19:32:51.622Z", "user": 1, "content_type": 13, "object_id": "32", "object_repr": "Television", "action_flag": 3, "change_message": ""}}, {"model": "admin.logentry", "pk": 288, "fields": {"action_time": "2024-09-18T19:32:51.625Z", "user": 1, "content_type": 13, "object_id": "31", "object_repr": "Sub Woofers", "action_flag": 3, "change_message": ""}}, {"model": "admin.logentry", "pk": 289, "fields": {"action_time": "2024-09-18T19:32:51.626Z", "user": 1, "content_type": 13, "object_id": "30", "object_repr": "Sound Systems", "action_flag": 3, "change_message": ""}}, {"model": "admin.logentry", "pk": 290, "fields": {"action_time": "2024-09-18T19:32:51.628Z", "user": 1, "content_type": 13, "object_id": "29", "object_repr": "Sound Boosters", "action_flag": 3, "change_message": ""}}, {"model": "admin.logentry", "pk": 291, "fields": {"action_time": "2024-09-18T19:32:51.629Z", "user": 1, "content_type": 13, "object_id": "28", "object_repr": "Playstation 5", "action_flag": 3, "change_message": ""}}, {"model": "admin.logentry", "pk": 292, "fields": {"action_time": "2024-09-18T19:32:51.630Z", "user": 1, "content_type": 13, "object_id": "27", "object_repr": "Playstation 4", "action_flag": 3, "change_message": ""}}, {"model": "admin.logentry", "pk": 293, "fields": {"action_time": "2024-09-18T19:32:51.632Z", "user": 1, "content_type": 13, "object_id": "26", "object_repr": "Over-Ear Headphones", "action_flag": 3, "change_message": ""}}, {"model": "admin.logentry", "pk": 294, "fields": {"action_time": "2024-09-18T19:32:51.633Z", "user": 1, "content_type": 13, "object_id": "25", "object_repr": "On-Ear Headphones", "action_flag": 3, "change_message": ""}}, {"model": "admin.logentry", "pk": 295, "fields": {"action_time": "2024-09-18T19:32:51.634Z", "user": 1, "content_type": 13, "object_id": "24", "object_repr": "Noise-Cancelling Headpones", "action_flag": 3, "change_message": ""}}, {"model": "admin.logentry", "pk": 296, "fields": {"action_time": "2024-09-18T19:32:51.636Z", "user": 1, "content_type": 13, "object_id": "23", "object_repr": "Monitors", "action_flag": 3, "change_message": ""}}, {"model": "admin.logentry", "pk": 297, "fields": {"action_time": "2024-09-18T20:26:01.894Z", "user": 1, "content_type": 13, "object_id": "22", "object_repr": "Laptops", "action_flag": 2, "change_message": "[{\"changed\": {\"fields\": [\"Name\", \"Friendly name\"]}}]"}}, {"model": "admin.logentry", "pk": 298, "fields": {"action_time": "2024-09-18T20:26:21.644Z", "user": 1, "content_type": 13, "object_id": "16", "object_repr": "Chargers", "action_flag": 2, "change_message": "[{\"changed\": {\"fields\": [\"Name\", \"Friendly name\"]}}]"}}, {"model": "auth.permission", "pk": 1, "fields": {"name": "Can add log entry", "content_type": 1, "codename": "add_logentry"}}, {"model": "auth.permission", "pk": 2, "fields": {"name": "Can change log entry", "content_type": 1, "codename": "change_logentry"}}, {"model": "auth.permission", "pk": 3, "fields": {"name": "Can delete log entry", "content_type": 1, "codename": "delete_logentry"}}, {"model": "auth.permission", "pk": 4, "fields": {"name": "Can view log entry", "content_type": 1, "codename": "view_logentry"}}, {"model": "auth.permission", "pk": 5, "fields": {"name": "Can add permission", "content_type": 2, "codename": "add_permission"}}, {"model": "auth.permission", "pk": 6, "fields": {"name": "Can change permission", "content_type": 2, "codename": "change_permission"}}, {"model": "auth.permission", "pk": 7, "fields": {"name": "Can delete permission", "content_type": 2, "codename": "delete_permission"}}, {"model": "auth.permission", "pk": 8, "fields": {"name": "Can view permission", "content_type": 2, "codename": "view_permission"}}, {"model": "auth.permission", "pk": 9, "fields": {"name": "Can add group", "content_type": 3, "codename": "add_group"}}, {"model": "auth.permission", "pk": 10, "fields": {"name": "Can change group", "content_type": 3, "codename": "change_group"}}, {"model": "auth.permission", "pk": 11, "fields": {"name": "Can delete group", "content_type": 3, "codename": "delete_group"}}, {"model": "auth.permission", "pk": 12, "fields": {"name": "Can view group", "content_type": 3, "codename": "view_group"}}, {"model": "auth.permission", "pk": 13, "fields": {"name": "Can add user", "content_type": 4, "codename": "add_user"}}, {"model": "auth.permission", "pk": 14, "fields": {"name": "Can change user", "content_type": 4, "codename": "change_user"}}, {"model": "auth.permission", "pk": 15, "fields": {"name": "Can delete user", "content_type": 4, "codename": "delete_user"}}, {"model": "auth.permission", "pk": 16, "fields": {"name": "Can view user", "content_type": 4, "codename": "view_user"}}, {"model": "auth.permission", "pk": 17, "fields": {"name": "Can add content type", "content_type": 5, "codename": "add_contenttype"}}, {"model": "auth.permission", "pk": 18, "fields": {"name": "Can change content type", "content_type": 5, "codename": "change_contenttype"}}, {"model": "auth.permission", "pk": 19, "fields": {"name": "Can delete content type", "content_type": 5, "codename": "delete_contenttype"}}, {"model": "auth.permission", "pk": 20, "fields": {"name": "Can view content type", "content_type": 5, "codename": "view_contenttype"}}, {"model": "auth.permission", "pk": 21, "fields": {"name": "Can add session", "content_type": 6, "codename": "add_session"}}, {"model": "auth.permission", "pk": 22, "fields": {"name": "Can change session", "content_type": 6, "codename": "change_session"}}, {"model": "auth.permission", "pk": 23, "fields": {"name": "Can delete session", "content_type": 6, "codename": "delete_session"}}, {"model": "auth.permission", "pk": 24, "fields": {"name": "Can view session", "content_type": 6, "codename": "view_session"}}, {"model": "auth.permission", "pk": 25, "fields": {"name": "Can add site", "content_type": 7, "codename": "add_site"}}, {"model": "auth.permission", "pk": 26, "fields": {"name": "Can change site", "content_type": 7, "codename": "change_site"}}, {"model": "auth.permission", "pk": 27, "fields": {"name": "Can delete site", "content_type": 7, "codename": "delete_site"}}, {"model": "auth.permission", "pk": 28, "fields": {"name": "Can view site", "content_type": 7, "codename": "view_site"}}, {"model": "auth.permission", "pk": 29, "fields": {"name": "Can add email address", "content_type": 8, "codename": "add_emailaddress"}}, {"model": "auth.permission", "pk": 30, "fields": {"name": "Can change email address", "content_type": 8, "codename": "change_emailaddress"}}, {"model": "auth.permission", "pk": 31, "fields": {"name": "Can delete email address", "content_type": 8, "codename": "delete_emailaddress"}}, {"model": "auth.permission", "pk": 32, "fields": {"name": "Can view email address", "content_type": 8, "codename": "view_emailaddress"}}, {"model": "auth.permission", "pk": 33, "fields": {"name": "Can add email confirmation", "content_type": 9, "codename": "add_emailconfirmation"}}, {"model": "auth.permission", "pk": 34, "fields": {"name": "Can change email confirmation", "content_type": 9, "codename": "change_emailconfirmation"}}, {"model": "auth.permission", "pk": 35, "fields": {"name": "Can delete email confirmation", "content_type": 9, "codename": "delete_emailconfirmation"}}, {"model": "auth.permission", "pk": 36, "fields": {"name": "Can view email confirmation", "content_type": 9, "codename": "view_emailconfirmation"}}, {"model": "auth.permission", "pk": 37, "fields": {"name": "Can add social account", "content_type": 10, "codename": "add_socialaccount"}}, {"model": "auth.permission", "pk": 38, "fields": {"name": "Can change social account", "content_type": 10, "codename": "change_socialaccount"}}, {"model": "auth.permission", "pk": 39, "fields": {"name": "Can delete social account", "content_type": 10, "codename": "delete_socialaccount"}}, {"model": "auth.permission", "pk": 40, "fields": {"name": "Can view social account", "content_type": 10, "codename": "view_socialaccount"}}, {"model": "auth.permission", "pk": 41, "fields": {"name": "Can add social application", "content_type": 11, "codename": "add_socialapp"}}, {"model": "auth.permission", "pk": 42, "fields": {"name": "Can change social application", "content_type": 11, "codename": "change_socialapp"}}, {"model": "auth.permission", "pk": 43, "fields": {"name": "Can delete social application", "content_type": 11, "codename": "delete_socialapp"}}, {"model": "auth.permission", "pk": 44, "fields": {"name": "Can view social application", "content_type": 11, "codename": "view_socialapp"}}, {"model": "auth.permission", "pk": 45, "fields": {"name": "Can add social application token", "content_type": 12, "codename": "add_socialtoken"}}, {"model": "auth.permission", "pk": 46, "fields": {"name": "Can change social application token", "content_type": 12, "codename": "change_socialtoken"}}, {"model": "auth.permission", "pk": 47, "fields": {"name": "Can delete social application token", "content_type": 12, "codename": "delete_socialtoken"}}, {"model": "auth.permission", "pk": 48, "fields": {"name": "Can view social application token", "content_type": 12, "codename": "view_socialtoken"}}, {"model": "auth.permission", "pk": 49, "fields": {"name": "Can add category", "content_type": 13, "codename": "add_category"}}, {"model": "auth.permission", "pk": 50, "fields": {"name": "Can change category", "content_type": 13, "codename": "change_category"}}, {"model": "auth.permission", "pk": 51, "fields": {"name": "Can delete category", "content_type": 13, "codename": "delete_category"}}, {"model": "auth.permission", "pk": 52, "fields": {"name": "Can view category", "content_type": 13, "codename": "view_category"}}, {"model": "auth.permission", "pk": 53, "fields": {"name": "Can add product", "content_type": 14, "codename": "add_product"}}, {"model": "auth.permission", "pk": 54, "fields": {"name": "Can change product", "content_type": 14, "codename": "change_product"}}, {"model": "auth.permission", "pk": 55, "fields": {"name": "Can delete product", "content_type": 14, "codename": "delete_product"}}, {"model": "auth.permission", "pk": 56, "fields": {"name": "Can view product", "content_type": 14, "codename": "view_product"}}, {"model": "auth.permission", "pk": 57, "fields": {"name": "Can add order", "content_type": 15, "codename": "add_order"}}, {"model": "auth.permission", "pk": 58, "fields": {"name": "Can change order", "content_type": 15, "codename": "change_order"}}, {"model": "auth.permission", "pk": 59, "fields": {"name": "Can delete order", "content_type": 15, "codename": "delete_order"}}, {"model": "auth.permission", "pk": 60, "fields": {"name": "Can view order", "content_type": 15, "codename": "view_order"}}, {"model": "auth.permission", "pk": 61, "fields": {"name": "Can add order line item", "content_type": 16, "codename": "add_orderlineitem"}}, {"model": "auth.permission", "pk": 62, "fields": {"name": "Can change order line item", "content_type": 16, "codename": "change_orderlineitem"}}, {"model": "auth.permission", "pk": 63, "fields": {"name": "Can delete order line item", "content_type": 16, "codename": "delete_orderlineitem"}}, {"model": "auth.permission", "pk": 64, "fields": {"name": "Can view order line item", "content_type": 16, "codename": "view_orderlineitem"}}, {"model": "auth.permission", "pk": 65, "fields": {"name": "Can add user profile", "content_type": 17, "codename": "add_userprofile"}}, {"model": "auth.permission", "pk": 66, "fields": {"name": "Can change user profile", "content_type": 17, "codename": "change_userprofile"}}, {"model": "auth.permission", "pk": 67, "fields": {"name": "Can delete user profile", "content_type": 17, "codename": "delete_userprofile"}}, {"model": "auth.permission", "pk": 68, "fields": {"name": "Can view user profile", "content_type": 17, "codename": "view_userprofile"}}, {"model": "auth.permission", "pk": 69, "fields": {"name": "Can add wishlist", "content_type": 18, "codename": "add_wishlist"}}, {"model": "auth.permission", "pk": 70, "fields": {"name": "Can change wishlist", "content_type": 18, "codename": "change_wishlist"}}, {"model": "auth.permission", "pk": 71, "fields": {"name": "Can delete wishlist", "content_type": 18, "codename": "delete_wishlist"}}, {"model": "auth.permission", "pk": 72, "fields": {"name": "Can view wishlist", "content_type": 18, "codename": "view_wishlist"}}, {"model": "auth.user", "pk": 1, "fields": {"password": "pbkdf2_sha256$720000$ipUdsfdafDNCD94h2wvldO$q32gDWiMcopypP8W6iXtiSkPTLK320c9EqUICadSXuU=", "last_login": "2024-09-18T18:39:20.056Z", "is_superuser": true, "username": "admin", "first_name": "", "last_name": "", "email": "george.okwori@outlook.com", "is_staff": true, "is_active": true, "date_joined": "2024-09-11T21:16:08.525Z", "groups": [], "user_permissions": []}}, {"model": "auth.user", "pk": 3, "fields": {"password": "pbkdf2_sha256$720000$EaIDdwsgCSlN0mX1tGrU6i$pPlQNMOVqqP5IvJPe+u6Tdyt0sJzFQl1t0iXSuzvzyM=", "last_login": null, "is_superuser": false, "username": "xcxcxasxsdadsad", "first_name": "", "last_name": "", "email": "tapedalat.musohifo@jollyfree.com", "is_staff": false, "is_active": true, "date_joined": "2024-09-12T01:18:48.518Z", "groups": [], "user_permissions": []}}, {"model": "contenttypes.contenttype", "pk": 1, "fields": {"app_label": "admin", "model": "logentry"}}, {"model": "contenttypes.contenttype", "pk": 2, "fields": {"app_label": "auth", "model": "permission"}}, {"model": "contenttypes.contenttype", "pk": 3, "fields": {"app_label": "auth", "model": "group"}}, {"model": "contenttypes.contenttype", "pk": 4, "fields": {"app_label": "auth", "model": "user"}}, {"model": "contenttypes.contenttype", "pk": 5, "fields": {"app_label": "contenttypes", "model": "contenttype"}}, {"model": "contenttypes.contenttype", "pk": 6, "fields": {"app_label": "sessions", "model": "session"}}, {"model": "contenttypes.contenttype", "pk": 7, "fields": {"app_label": "sites", "model": "site"}}, {"model": "contenttypes.contenttype", "pk": 8, "fields": {"app_label": "account", "model": "emailaddress"}}, {"model": "contenttypes.contenttype", "pk": 9, "fields": {"app_label": "account", "model": "emailconfirmation"}}, {"model": "contenttypes.contenttype", "pk": 10, "fields": {"app_label": "socialaccount", "model": "socialaccount"}}, {"model": "contenttypes.contenttype", "pk": 11, "fields": {"app_label": "socialaccount", "model": "socialapp"}}, {"model": "contenttypes.contenttype", "pk": 12, "fields": {"app_label": "socialaccount", "model": "socialtoken"}}, {"model": "contenttypes.contenttype", "pk": 13, "fields": {"app_label": "products", "model": "category"}}, {"model": "contenttypes.contenttype", "pk": 14, "fields": {"app_label": "products", "model": "product"}}, {"model": "contenttypes.contenttype", "pk": 15, "fields": {"app_label": "checkout", "model": "order"}}, {"model": "contenttypes.contenttype", "pk": 16, "fields": {"app_label": "checkout", "model": "orderlineitem"}}, {"model": "contenttypes.contenttype", "pk": 17, "fields": {"app_label": "profiles", "model": "userprofile"}}, {"model": "contenttypes.contenttype", "pk": 18, "fields": {"app_label": "wishlist", "model": "wishlist"}}, {"model": "sessions.session", "pk": "2wjp79zgfi5oks5kkbnjiv1mlgqpyt20", "fields": {"session_data": ".eJxVj81uxCAMBt_F5yiCLMHAsfc-QVVFDjgNbQOrQPqj1b57S7uXvVnfjEbyBcj7fKQ60VFXTjV6qjGnaeO65lDAPV3g_wYHZyrlM-8BOqAKTuKgtVGoRS-UNYi6g6PwnmjjX5vCFhNcnzv4i08NTbF1JNxtM_k3Tg2EV0ovufc51T3OfVP6Gy39Yw78_nBz7wIrlbVljRrMMghNXgyWtFTKo7BjwBPxQsMi9UmZxcyMM3qjRouehFQ24MhB6hYtXEr7n7_Ocf8GJzoo9MFTTEsGV_eDrz-u2mXJ:1sr2fr:D4IW0Wf17cXa8D-kjvzpvwSiPbCHNHWfa82_fA-uFwQ", "expire_date": "2024-10-02T21:57:23.172Z"}}, {"model": "sessions.session", "pk": "9uv15f3t0umlaa33ebr0k6kk0k4hro75", "fields": {"session_data": ".eJxVj0tuhDAQRO_Sa2Rhj_GHZfY5QRShxm6Ck2CPsFFmhLh7cDKb2bWqnp66dkDn0hbLgFuZKZbgsIQUh4XKnHyG_m2H_xt6uGLOP2n10AAW6LkWSnIljWCWS2lMA1umNeJCJ4x-CRGO9wb-3EOthlA1HJ6yEd0XxVr4T4wfibkUyxpGVhH2aDN7TZ6-Xx7sk2DGPFetkcJMolXoWmFRnS853drO6wvShGLi6iLNZEbSo3ZGdlY7bLm0XnfkuarSTDnX-XS7hvUOfduAw_Xcuh_HL54bYrQ:1sprrF:fb82nTE05wqT-6TIUa7Kc7mdkHaUJpwyGWOgdxSr-4o", "expire_date": "2024-09-29T16:12:17.758Z"}}, {"model": "sessions.session", "pk": "krk54wiv0bmvvov8tdq4x8zze0r3ebuv", "fields": {"session_data": ".eJxVj81uwyAQBt9lzxYCjPnxsfc8QVVZa1jXtDVEBiuporx7S5tLbqtvRiPtDdD7fKQ64VFXSjV6rDGnaaO65lBgfL3B_w0jnLGUS94DdIAVRmGkVtb2jjMlnXFWdHAU2hNu9Gtj2GKC-1sHf_GpoSm2joCnbUb_SamB8IHpPTOfU93jzJrCHrSwUw709fJwnwIrlrVlrZJ2kVyj59KhFkp5w90QTI-0oFyE7pVd7ExmNt6qwRmPXCgXzEBB6BYtVEr7n67nuH_DyO8_Ik9fpQ:1sqCQA:8a71D6HOnwCU73Ki5ypq5sg738zoeEBkNc8vM5NJy6U", "expire_date": "2024-09-30T14:09:42.861Z"}}, {"model": "sites.site", "pk": 1, "fields": {"domain": "example.com", "name": "example.com"}}, {"model": "account.emailaddress", "pk": 2, "fields": {"user": 1, "email": "george.okwori@outlook.com", "verified": true, "primary": true}}, {"model": "account.emailaddress", "pk": 3, "fields": {"user": 3, "email": "tapedalat.musohifo@jollyfree.com", "verified": false, "primary": true}}, {"model": "products.category", "pk": 10, "fields": {"name": "Android Smartphone", "friendly_name": "Android Smartphone"}}, {"model": "products.category", "pk": 11, "fields": {"name": "Android Tablets", "friendly_name": "Android Tablets"}}, {"model": "products.category", "pk": 12, "fields": {"name": "Apple Ipad", "friendly_name": "Apple Ipad"}}, {"model": "products.category", "pk": 13, "fields": {"name": "Apple Iphone", "friendly_name": "Apple Iphone"}}, {"model": "products.category", "pk": 14, "fields": {"name": "Batteries", "friendly_name": "Batteries"}}, {"model": "products.category", "pk": 15, "fields": {"name": "Bluetooth Headphones", "friendly_name": "Bluetooth Headphones"}}, {"model": "products.category", "pk": 16, "fields": {"name": "Chargers", "friendly_name": "Chargers"}}, {"model": "products.category", "pk": 17, "fields": {"name": "Desktop Computers", "friendly_name": "Desktop Computers"}}, {"model": "products.category", "pk": 18, "fields": {"name": "Earbud Headphones", "friendly_name": "Earbud Headphones"}}, {"model": "products.category", "pk": 19, "fields": {"name": "Gaming PC", "friendly_name": "Gaming PC"}}, {"model": "products.category", "pk": 20, "fields": {"name": "Google Pixel", "friendly_name": "Google Pixel"}}, {"model": "products.category", "pk": 21, "fields": {"name": "Home Theater System", "friendly_name": "Home Theater System"}}, {"model": "products.category", "pk": 22, "fields": {"name": "Laptops", "friendly_name": "Laptops"}}, {"model": "products.product", "pk": 175, "fields": {"category": 10, "sku": "SAM-A15-BB-001", "name": "SAMSUNG Galaxy A15 - 128 GB", "description": "Display: 6.4\" Full HD+ AMOLED, 90Hz refresh rate.\r\nProcessor: Octa-core 2.3 GHz.\r\nStorage: 128GB, expandable up to 1TB.\r\nBattery: 5000mAh with fast charging.\r\nCamera: 48MP quad-camera system.\r\nConnectivity: 4G LTE, Wi-Fi 5, Bluetooth 5.0, USB Type-C.\r\nOS: Android 12 with One UI 4.1.\r\nColour: Blue Black.", "price": "249.99", "rating": "4.30", "image_url": null, "image": "SAMSUNG_Galaxy_A15_-_128_GB_Blue_Black.webp"}}, {"model": "products.product", "pk": 176, "fields": {"category": 10, "sku": "SAM-A55-5G-AIB-002", "name": "SAMSUNG Galaxy A55 5G - 256 GB", "description": "Display: 6.5\" Super AMOLED, 120Hz refresh rate.\r\nProcessor: Octa-core 2.4 GHz for fast performance.\r\nStorage: 256GB, expandable to 1TB.\r\nBattery: 5000mAh, 25W fast charging.\r\nCamera: 64MP quad-camera system.\r\nConnectivity: 5G, Wi-Fi 6, Bluetooth 5.1.\r\nOS: Android 13 with One UI 5.\r\nColor: Awesome Iceblue.", "price": "449.99", "rating": "4.60", "image_url": null, "image": "SAMSUNG_Galaxy_A55_5G_-_256_GB_Awesome_Iceblue.webp"}}, {"model": "products.product", "pk": 177, "fields": {"category": 10, "sku": "SAM-A55-5G-ANV-003", "name": "SAMSUNG Galaxy A55 5G - 256 GB", "description": "Display: 6.5\" Super AMOLED, 120Hz refresh rate.\r\nProcessor: Octa-core 2.4 GHz.\r\nStorage: 256GB, expandable up to 1TB.\r\nBattery: 5000mAh, 25W fast charging.\r\nCamera: 64MP quad-camera system.\r\nConnectivity: 5G, Wi-Fi 6, Bluetooth 5.1.\r\nOS: Android 13 with One UI 5.\r\nColour: Awesome Navy.", "price": "449.99", "rating": "4.60", "image_url": null, "image": "SAMSUNG_Galaxy_A55_5G_-_256_GB_Awesome_Navy.webp"}}, {"model": "products.product", "pk": 178, "fields": {"category": 10, "sku": "SAM-S24-OB-004", "name": "SAMSUNG Galaxy S24 - 128 GB", "description": "Display: 6.7\" Dynamic AMOLED, 120Hz refresh rate.\r\nProcessor: Octa-core 3.0 GHz.\r\nStorage: 128GB, expandable up to 512GB.\r\nBattery: 4500mAh, 45W fast charging.\r\nCamera: 50MP triple-camera system.\r\nConnectivity: 5G, Wi-Fi 6E, Bluetooth 5.2.\r\nOS: Android 14 with One UI 6.\r\nColour: Onyx Black.", "price": "799.99", "rating": "4.80", "image_url": null, "image": "SAMSUNG_Galaxy_S24_-_128_GB_Onyx_Black.webp"}}, {"model": "products.product", "pk": 179, "fields": {"category": 10, "sku": "SAM-S24U-TB-005", "name": "SAMSUNG Galaxy S24 Ultra - 256 GB", "description": "Display: 6.8\" Dynamic AMOLED, 120Hz refresh rate.\r\nProcessor: Octa-core 3.2 GHz.\r\nStorage: 256GB, expandable up to 1TB.\r\nBattery: 5000mAh, 45W fast charging.\r\nCamera: 108MP quad-camera system.\r\nConnectivity: 5G, Wi-Fi 6E, Bluetooth 5.2.\r\nOS: Android 14 with One UI 6.\r\nColour: Titanium Black.", "price": "1199.99", "rating": "4.90", "image_url": null, "image": "SAMSUNG_Galaxy_S24_Ultra_-_256_GB_Titanium_Black.webp"}}, {"model": "products.product", "pk": 180, "fields": {"category": 11, "sku": "LEN-TAB-EXT-256-GR-006", "name": "LENOVO Tab Extreme 14.5 Tablet", "description": "Display: 14.5\" OLED, 120Hz refresh rate.\r\nProcessor: Octa-core 3.05 GHz.\r\nStorage: 256GB, expandable via microSD.\r\nBattery: 12300mAh, 68W fast charging.\r\nCamera: 13MP rear, 8MP front camera.\r\nConnectivity: Wi-Fi 6, Bluetooth 5.3, USB Type-C.\r\nOS: Android 13.\r\nAccessories: Includes keyboard and pen.\r\nColour: Grey.", "price": "999.99", "rating": "4.70", "image_url": null, "image": "LENOVO_Tab_Extreme_14.5_Tablet_with_Keyboard__Pen_-_256_GB_Grey.webp"}}, {"model": "products.product", "pk": 181, "fields": {"category": 11, "sku": "LEN-TAB-M10-64-GR-007", "name": "LENOVO Tab M10 10.1 Tablet - 64 GB", "description": "Display: 10.1\" Full HD, IPS display.\r\nProcessor: Quad-core 2.0 GHz.\r\nStorage: 64GB, expandable via microSD.\r\nBattery: 4850mAh, 10-hour battery life.\r\nCamera: 8MP rear, 5MP front camera.\r\nConnectivity: Wi-Fi 5, Bluetooth 5.0, USB Type-C.\r\nOS: Android 11.\r\nColour: Grey.", "price": "179.99", "rating": "4.30", "image_url": null, "image": "LENOVO_Tab_M10_10.1_Tablet_-_64_GB_Grey.webp"}}, {"model": "products.product", "pk": 182, "fields": {"category": 11, "sku": "LEN-TAB-P12-128-SG-008", "name": "LENOVO Tab P12 12.7 Tablet - 128 GB", "description": "Display: 12.7\" 2K OLED, 120Hz refresh rate.\r\nProcessor: Octa-core 2.6 GHz.\r\nStorage: 128GB, expandable up to 1TB via microSD.\r\nBattery: 10200mAh, 30W fast charging.\r\nCamera: 13MP rear, 8MP front camera.\r\nConnectivity: Wi-Fi 6, Bluetooth 5.1, USB Type-C.\r\nOS: Android 13.\r\nColour: Storm Grey.", "price": "349.99", "rating": "4.50", "image_url": null, "image": "LENOVO_Tab_P12_12.7_Tablet_-_128_GB_Storm_Grey.webp"}}, {"model": "products.product", "pk": 183, "fields": {"category": 11, "sku": "LEN-TAB-PL-128-LG-009", "name": "LENOVO Tab Plus 11.5 Tablet with Sleeve - 128 GB", "description": "Display: 11.5\" OLED, 120Hz refresh rate.\r\nProcessor: Octa-core 2.5 GHz.\r\nStorage: 128GB, expandable via microSD.\r\nBattery: 7700mAh, 20W fast charging.\r\nCamera: 13MP rear, 8MP front camera.\r\nConnectivity: Wi-Fi 6, Bluetooth 5.2, USB Type-C.\r\nOS: Android 12.\r\nAccessories: Includes protective sleeve.\r\nColour: Luna Grey.", "price": "299.99", "rating": "4.40", "image_url": null, "image": "LENOVO_Tab_Plus_11.5_Tablet_with_Sleeve_-_128_GB_Luna_Grey.webp"}}, {"model": "products.product", "pk": 184, "fields": {"category": 11, "sku": "SAM-TAB-A9P-64-SL-010", "name": "SAMSUNG Galaxy Tab A9+ 11 Tablet - 64 GB", "description": "Display: 11\" TFT LCD, 90Hz refresh rate.\r\nProcessor: Octa-core 2.4 GHz.\r\nStorage: 64GB, expandable via microSD up to 1TB.\r\nBattery: 7040mAh, fast charging support.\r\nCamera: 8MP rear, 5MP front camera.\r\nConnectivity: Wi-Fi 5, Bluetooth 5.0, USB Type-C.\r\nOS: Android 13.\r\nColour: Silver.", "price": "229.99", "rating": "4.20", "image_url": null, "image": "SAMSUNG_Galaxy_Tab_A9_11_Tablet_-_64_GB_Silver.webp"}}, {"model": "products.product", "pk": 185, "fields": {"category": 11, "sku": "SAM-TAB-S9FE-128-GR-011", "name": "SAMSUNG Galaxy Tab S9 FE 10.9 Tablet - 128 GB", "description": "Display: 10.9\" LCD, 90Hz refresh rate.\r\nProcessor: Octa-core 2.6 GHz.\r\nStorage: 128GB, expandable via microSD up to 1TB.\r\nBattery: 8000mAh, fast charging support.\r\nCamera: 12MP rear, 8MP front camera.\r\nConnectivity: Wi-Fi 6, Bluetooth 5.2, USB Type-C.\r\nOS: Android 13.\r\nColour: Grey.", "price": "499.99", "rating": "4.60", "image_url": null, "image": "SAMSUNG_Galaxy_Tab_S9_FE_10.9_Tablet_-_128_GB_Grey.webp"}}, {"model": "products.product", "pk": 186, "fields": {"category": 12, "sku": "APP-IPAD-102-64-SG-012", "name": "APPLE 10.2 iPad (2021) - 64 GB", "description": "Display: 10.2\" Retina display.\r\nProcessor: A13 Bionic chip.\r\nStorage: 64GB internal storage.\r\nBattery: Up to 10 hours of battery life.\r\nCamera: 8MP rear, 12MP front camera with Center Stage.\r\nConnectivity: Wi-Fi 5, Bluetooth 4.2, Lightning port.\r\nOS: iPadOS 15.\r\nColour: Space Grey.", "price": "319.99", "rating": "4.70", "image_url": null, "image": "APPLE_10.2_iPad_2021_-_64_GB_Space_Grey.webp"}}, {"model": "products.product", "pk": 187, "fields": {"category": 12, "sku": "APP-IPAD-109-64-BL-013", "name": "APPLE 10.9 iPad (2022) - 64 GB", "description": "Display: 10.9\" Liquid Retina display.\r\nProcessor: A14 Bionic chip.\r\nStorage: 64GB internal storage.\r\nBattery: Up to 10 hours of battery life.\r\nCamera: 12MP rear, 12MP ultra-wide front camera.\r\nConnectivity: Wi-Fi 6, Bluetooth 5.0, USB Type-C.\r\nOS: iPadOS 16.\r\nColour: Blue.", "price": "499.99", "rating": "4.80", "image_url": null, "image": "APPLE_10.9_iPad_2022_-_64_GB_Blue.webp"}}, {"model": "products.product", "pk": 188, "fields": {"category": 12, "sku": "APP-IPAD-109-64-PK-014", "name": "APPLE 10.9 iPad (2022) - 64 GB", "description": "Display: 10.9\" Liquid Retina display.\r\nProcessor: A14 Bionic chip.\r\nStorage: 64GB internal storage.\r\nBattery: Up to 10 hours of battery life.\r\nCamera: 12MP rear, 12MP ultra-wide front camera.\r\nConnectivity: Wi-Fi 6, Bluetooth 5.0, USB Type-C.\r\nOS: iPadOS 16.\r\nColour: Pink.", "price": "499.99", "rating": "4.80", "image_url": null, "image": "APPLE_10.9_iPad_2022_-_64_GB_Pink.webp"}}, {"model": "products.product", "pk": 189, "fields": {"category": 12, "sku": "APP-IPAD-AIR-109-64-SG-015", "name": "APPLE 10.9 iPad Air (2022) - 64 GB", "description": "Display: 10.9\" Liquid Retina display.\r\nProcessor: M1 chip for powerful performance.\r\nStorage: 64GB internal storage.\r\nBattery: Up to 10 hours of battery life.\r\nCamera: 12MP rear, 12MP ultra-wide front camera with Center Stage.\r\nConnectivity: Wi-Fi 6, Bluetooth 5.0, USB Type-C.\r\nOS: iPadOS 16.\r\nColour: Space Grey.", "price": "669.99", "rating": "4.90", "image_url": null, "image": "APPLE_10.9_iPad_Air_2022_-_64_GB_Space_Grey.webp"}}, {"model": "products.product", "pk": 190, "fields": {"category": 12, "sku": "APP-IPAD-AIR-11-128-SG-016", "name": "APPLE 11 iPad Air (2024) - 128 GB", "description": "Display: 11\" Liquid Retina display.\r\nProcessor: M2 chip for next-level performance.\r\nStorage: 128GB internal storage.\r\nBattery: Up to 10 hours of battery life.\r\nCamera: 12MP rear, 12MP ultra-wide front camera with Center Stage.\r\nConnectivity: Wi-Fi 6E, Bluetooth 5.3, USB Type-C.\r\nOS: iPadOS 17.\r\nColour: Space Grey.", "price": "749.99", "rating": "4.90", "image_url": null, "image": "APPLE_11_iPad_Air_2024_-_128_GB_Space_Grey.webp"}}, {"model": "products.product", "pk": 191, "fields": {"category": 12, "sku": "APP-IPAD-PRO-11-256-SB-017", "name": "APPLE 11 iPad Pro (2024) - 256 GB", "description": "Display: 11\" Liquid Retina XDR display.\r\nProcessor: M3 chip for ultimate performance.\r\nStorage: 256GB internal storage.\r\nBattery: Up to 10 hours of battery life.\r\nCamera: 12MP dual rear, 12MP ultra-wide front camera with Center Stage.\r\nConnectivity: Wi-Fi 6E, Bluetooth 5.3, USB Type-C with Thunderbolt 4.\r\nOS: iPadOS 17.\r\nColour: Space Black.", "price": "999.99", "rating": "4.90", "image_url": null, "image": "APPLE_11_iPad_Pro_2024_-_256_GB_Space_Black.webp"}}, {"model": "products.product", "pk": 192, "fields": {"category": 13, "sku": "APP-IPH14-128-BL-018", "name": "APPLE iPhone 14 - 128 GB", "description": "Display: 6.1\" Super Retina XDR display.\r\nProcessor: A15 Bionic chip for fast and efficient performance.\r\nStorage: 128GB internal storage.\r\nBattery: Up to 20 hours of video playback.\r\nCamera: 12MP dual-camera system with Night Mode and 4K video.\r\nConnectivity: 5G, Wi-Fi 6, Bluetooth 5.3, MagSafe charging.\r\nOS: iOS 16.\r\nColour: Blue.", "price": "849.99", "rating": "4.80", "image_url": null, "image": "APPLE_iPhone_14_-_128_GB_Blue.webp"}}, {"model": "products.product", "pk": 193, "fields": {"category": 13, "sku": "APP-IPH15-128-BL-019", "name": "APPLE iPhone 15 - 128 GB", "description": "Display: 6.1\" Super Retina XDR display.\r\nProcessor: A16 Bionic chip for top-tier performance.\r\nStorage: 128GB internal storage.\r\nBattery: Up to 22 hours of video playback.\r\nCamera: 48MP main camera with advanced Night Mode and 4K video recording.\r\nConnectivity: 5G, Wi-Fi 6, Bluetooth 5.3, MagSafe wireless charging.\r\nOS: iOS 17.\r\nColour: Blue.", "price": "949.99", "rating": "4.90", "image_url": null, "image": "APPLE_iPhone_15_-_128_GB_Blue.webp"}}, {"model": "products.product", "pk": 194, "fields": {"category": 13, "sku": "APP-IPH15-128-PK-020", "name": "APPLE iPhone 15 - 128 GB", "description": "Display: 6.1\" Super Retina XDR display.\r\nProcessor: A16 Bionic chip for top-tier performance.\r\nStorage: 128GB internal storage.\r\nBattery: Up to 22 hours of video playback.\r\nCamera: 48MP main camera with advanced Night Mode and 4K video recording.\r\nConnectivity: 5G, Wi-Fi 6, Bluetooth 5.3, MagSafe wireless charging.\r\nOS: iOS 17.\r\nColour: Pink.", "price": "949.99", "rating": "4.90", "image_url": null, "image": "APPLE_iPhone_15_-_128_GB_Pink.webp"}}, {"model": "products.product", "pk": 195, "fields": {"category": 13, "sku": "APP-IPH15-256-BK-021", "name": "APPLE iPhone 15 - 256 GB", "description": "Display: 6.1\" Super Retina XDR display.\r\nProcessor: A16 Bionic chip for fast performance.\r\nStorage: 256GB internal storage.\r\nBattery: Up to 22 hours of video playback.\r\nCamera: 48MP main camera with Night Mode and 4K video recording.\r\nConnectivity: 5G, Wi-Fi 6, Bluetooth 5.3, MagSafe wireless charging.\r\nOS: iOS 17.\r\nColour: Black.", "price": "1049.99", "rating": "4.90", "image_url": null, "image": "APPLE_iPhone_15_-_256_GB_Black.webp"}}, {"model": "products.product", "pk": 196, "fields": {"category": 13, "sku": "APP-IPH15P-128-BT-022", "name": "APPLE iPhone 15 Pro - 128 GB", "description": "Display: 6.1\" Super Retina XDR display with ProMotion.\r\nProcessor: A17 Pro chip for unmatched performance.\r\nStorage: 128GB internal storage.\r\nBattery: Up to 23 hours of video playback.\r\nCamera: 48MP pro camera system with advanced Night Mode and ProRAW support.\r\nConnectivity: 5G, Wi-Fi 6E, Bluetooth 5.3, MagSafe wireless charging.\r\nOS: iOS 17.\r\nColour: Blue Titanium.", "price": "1099.99", "rating": "5.00", "image_url": null, "image": "APPLE_iPhone_15_Pro_-_128_GB_Blue_Titanium.webp"}}, {"model": "products.product", "pk": 197, "fields": {"category": 13, "sku": "APP-IPH15P-128-NT-023", "name": "APPLE iPhone 15 Pro - 128 GB", "description": "Display: 6.1\" Super Retina XDR display with ProMotion.\r\nProcessor: A17 Pro chip for ultra-fast performance.\r\nStorage: 128GB internal storage.\r\nBattery: Up to 23 hours of video playback.\r\nCamera: 48MP pro camera system with Night Mode and ProRAW support.\r\nConnectivity: 5G, Wi-Fi 6E, Bluetooth 5.3, MagSafe wireless charging.\r\nOS: iOS 17.\r\nColour: Natural Titanium.", "price": "1099.99", "rating": "5.00", "image_url": null, "image": "APPLE_iPhone_15_Pro_-_128_GB_Natural_Titanium.webp"}}, {"model": "products.product", "pk": 198, "fields": {"category": 13, "sku": "APP-IPH15PM-256-BT-024", "name": "APPLE iPhone 15 Pro Max - 256 GB", "description": "Display: 6.7\" Super Retina XDR display with ProMotion.\r\nProcessor: A17 Pro chip for ultimate performance.\r\nStorage: 256GB internal storage.\r\nBattery: Up to 29 hours of video playback.\r\nCamera: 48MP pro camera system with advanced Night Mode and ProRAW support.\r\nConnectivity: 5G, Wi-Fi 6E, Bluetooth 5.3, MagSafe wireless charging.\r\nOS: iOS 17.\r\nColour: Black Titanium.", "price": "1299.99", "rating": "5.00", "image_url": null, "image": "APPLE_iPhone_15_Pro_Max_-_256_GB_Black_Titanium.webp"}}, {"model": "products.product", "pk": 199, "fields": {"category": 13, "sku": "APP-IPH15PM-256-NT-025", "name": "APPLE iPhone 15 Pro Max - 256 GB", "description": "Display: 6.7\" Super Retina XDR display with ProMotion.\r\nProcessor: A17 Pro chip for top-tier performance.\r\nStorage: 256GB internal storage.\r\nBattery: Up to 29 hours of video playback.\r\nCamera: 48MP pro camera system with advanced Night Mode and ProRAW support.\r\nConnectivity: 5G, Wi-Fi 6E, Bluetooth 5.3, MagSafe wireless charging.\r\nOS: iOS 17.\r\nColour: Natural Titanium.", "price": "1299.99", "rating": "5.00", "image_url": null, "image": "APPLE_iPhone_15_Pro_Max_-_256_GB_Natural_Titanium.webp"}}, {"model": "products.product", "pk": 200, "fields": {"category": 13, "sku": "APP-IPH16-128-UM-026", "name": "APPLE iPhone 16 - 128 GB", "description": "Display: 6.1\" Super Retina XDR display.\r\nProcessor: A17 Bionic chip for smooth performance.\r\nStorage: 128GB internal storage.\r\nBattery: Up to 24 hours of video playback.\r\nCamera: 48MP main camera with Night Mode and 4K video recording.\r\nConnectivity: 5G, Wi-Fi 6E, Bluetooth 5.3, MagSafe wireless charging.\r\nOS: iOS 18.\r\nColour: Ultramarine.", "price": "899.99", "rating": "4.90", "image_url": null, "image": "APPLE_iPhone_16_-_128_GB_Ultramarine.webp"}}, {"model": "products.product", "pk": 201, "fields": {"category": 13, "sku": "APP-IPH16P-128-DT-027", "name": "APPLE iPhone 16 Pro - 128 GB", "description": "Display: 6.1\" Super Retina XDR display with ProMotion.\r\nProcessor: A18 Pro chip for blazing-fast performance.\r\nStorage: 128GB internal storage.\r\nBattery: Up to 23 hours of video playback.\r\nCamera: 48MP pro camera system with Night Mode and ProRAW support.\r\nConnectivity: 5G, Wi-Fi 6E, Bluetooth 5.3, MagSafe wireless charging.\r\nOS: iOS 18.\r\nColour: Desert Titanium.", "price": "1099.99", "rating": "5.00", "image_url": null, "image": "APPLE_iPhone_16_Pro_-_128_GB_Desert_Titanium.webp"}}, {"model": "products.product", "pk": 202, "fields": {"category": 14, "sku": "CAN-BGE21-BG-028", "name": "CANON BG-E21 Battery Grip", "description": "Compatibility: Designed for Canon EOS 6D Mark II.\r\nCapacity: Holds up to two LP-E6/LP-E6N batteries for extended shooting time.\r\nErgonomics: Enhanced grip for comfortable vertical shooting.\r\nFeatures: Additional shutter release, control dial, and autofocus button.\r\nBattery Life: Doubles battery life for long photography sessions.\r\nColour: Black.", "price": "199.99", "rating": "4.70", "image_url": null, "image": "CANON_BG-E21_Battery_Grip.webp"}}, {"model": "products.product", "pk": 203, "fields": {"category": 14, "sku": "DUR-CEF14-CHG-029", "name": "DURACELL CEF14 4-Battery Charger with Batteries", "description": "Compatibility: Charges AA and AAA rechargeable batteries.\r\nIncluded: Comes with 2 AA and 2 AAA Duracell rechargeable batteries.\r\nCharging Time: Fully charges in 1-2 hours depending on battery capacity.\r\nSafety: Auto shut-off to prevent overcharging.\r\nLED Indicator: Displays charging status for each battery.\r\nColour: Black.", "price": "34.99", "rating": "4.60", "image_url": null, "image": "DURACELL_CEF14_4-Battery_Charger_with_Batteries.webp"}}, {"model": "products.product", "pk": 204, "fields": {"category": 14, "sku": "DUR-CEF27-CHG-030", "name": "DURACELL CEF27 4-Battery Charger with Batteries", "description": "Compatibility: Charges both AA and AAA rechargeable batteries.\r\nIncluded: Comes with 4 AA Duracell rechargeable batteries.\r\nCharging Time: Fast charging, fully charges in 1-2 hours depending on battery capacity.\r\nSafety: Overcharge protection with auto shut-off feature.\r\nLED Indicator: Individual indicators for each battery's charging status.\r\nColour: Black.", "price": "39.99", "rating": "4.70", "image_url": null, "image": "DURACELL_CEF27_4-Battery_Charger_with_Batteries.webp"}}, {"model": "products.product", "pk": 205, "fields": {"category": 14, "sku": "DUR-DL2025-LIT-031", "name": "DURACELL DL2025-CR2025-ECR2025 Lithium Batteries", "description": "Type: Lithium coin cell batteries (2025).\r\nCompatibility: Ideal for key fobs, watches, remotes, and other small electronic devices.\r\nVoltage: 3V per battery.\r\nPackaging: Pack of 2 batteries.\r\nLongevity: High energy density for long-lasting power.\r\nSafety: Child-safe packaging with bitter coating to prevent accidental ingestion.", "price": "4.99", "rating": "4.00", "image_url": null, "image": "DURACELL_DL2025-CR2025-ECR2025_Lithium_Batteries.webp"}}, {"model": "products.product", "pk": 206, "fields": {"category": 14, "sku": "DUR-HR9V-1604-NIMH-032", "name": "DURACELL HR9V-DC1604 9V Rechargeable NiMH Battery", "description": "Type: 9V Rechargeable NiMH battery.\r\nCompatibility: Suitable for smoke detectors, toys, and wireless microphones.\r\nCapacity: 170mAh for long-lasting power.\r\nRechargeable: Can be recharged hundreds of times.\r\nVoltage: 9V output.\r\nLongevity: Retains charge for up to one year in storage.", "price": "12.99", "rating": "4.70", "image_url": null, "image": "DURACELL_HR9V-DC1604_9V_Rechargeable_NiMH_Battery.webp"}}, {"model": "products.product", "pk": 207, "fields": {"category": 15, "sku": "BEA-SOLO3-WIRE-BK-033", "name": "BEATS Solo 3 Wireless Bluetooth Headphones", "description": "Connectivity: Bluetooth with Apple W1 chip for seamless pairing.\r\nBattery Life: Up to 40 hours of wireless playback on a single charge.\r\nFast Fuel: 5 minutes of charging provides 3 hours of playback.\r\nSound: Fine-tuned acoustics for maximum clarity, breadth, and balance.\r\nDesign: Adjustable, cushioned ear cups for all-day comfort.\r\nFeatures: Integrated on-ear controls for music, calls, and voice assistant.\r\nColour: Black.", "price": "179.99", "rating": "4.80", "image_url": null, "image": "BEATS_Solo_3_Wireless_Bluetooth_Headphones_-_Black.webp"}}, {"model": "products.product", "pk": 208, "fields": {"category": 15, "sku": "BEA-SOLO4-WIRE-BL-034", "name": "BEATS Solo 4 Wireless Bluetooth Headphones", "description": "Connectivity: Bluetooth with Apple H1 chip for seamless and fast pairing.\r\nBattery Life: Up to 50 hours of wireless playback.\r\nFast Fuel: 5-minute charge provides 3 hours of playback.\r\nSound: Precision-tuned acoustics for clear and dynamic sound.\r\nDesign: Lightweight, adjustable cushioned ear cups for enhanced comfort.\r\nFeatures: On-ear controls for calls, music, and voice assistant.\r\nColour: Blue.", "price": "199.99", "rating": "4.90", "image_url": null, "image": "BEATS_Solo_4_Wireless_Bluetooth_Headphones_-_Blue.webp"}}, {"model": "products.product", "pk": 209, "fields": {"category": 15, "sku": "BEA-SOLO4-WIRE-PK-035", "name": "BEATS Solo 4 Wireless Bluetooth Headphones", "description": "Connectivity: Bluetooth with Apple H1 chip for fast, reliable pairing.\r\nBattery Life: Up to 50 hours of wireless playback.\r\nFast Fuel: 5-minute charge provides 3 hours of playback.\r\nSound: Precision-engineered acoustics for rich, balanced sound.\r\nDesign: Lightweight with adjustable cushioned ear cups for long-term comfort.\r\nFeatures: On-ear controls for music, calls, and voice assistant.\r\nColour: Pink.", "price": "199.99", "rating": "4.90", "image_url": null, "image": "BEATS_Solo_4_Wireless_Bluetooth_Headphones_-_Pink.webp"}}, {"model": "products.product", "pk": 210, "fields": {"category": 15, "sku": "MON-M1012-WIRE-CLR-036", "name": "MONDO by Defunc M1012 Wireless Bluetooth Headphones", "description": "Connectivity: Bluetooth 5.0 for seamless wireless connection.\r\nBattery Life: Up to 35 hours of wireless playback on a single charge.\r\nCharging: USB Type-C fast charging support.\r\nSound: High-definition sound with enhanced bass for a balanced audio experience.\r\nDesign: Sleek and transparent design with soft, cushioned ear cups.\r\nFeatures: Integrated on-ear controls for music and calls.\r\nColour: Clear.", "price": "149.99", "rating": "4.60", "image_url": null, "image": "MONDO_by_Defunc_M1012_Wireless_Bluetooth_Headphones_-_Clear.webp"}}, {"model": "products.product", "pk": 211, "fields": {"category": 15, "sku": "SON-WHCH520B-WIRE-BK-037", "name": "SONY WH-CH520B Wireless Bluetooth Headphones", "description": "Connectivity: Bluetooth 5.0 for wireless connection with multipoint pairing.\r\nBattery Life: Up to 50 hours of wireless playback on a single charge.\r\nCharging: Quick charge support  3 minutes charge for 1.5 hours playback.\r\nSound: Clear and balanced sound with Sony's Digital Sound Enhancement Engine (DSEE).\r\nDesign: Lightweight with adjustable headband and soft ear cups for comfort.\r\nFeatures: Built-in microphone, on-ear controls for calls, music, and voice assistant.\r\nColour: Black.", "price": "59.99", "rating": "4.70", "image_url": null, "image": "SONY_WH-CH520B_Wireless_Bluetooth_Headphones_-_Black.webp"}}, {"model": "products.product", "pk": 212, "fields": {"category": 15, "sku": "SON-WHCH520C-WIRE-BE-038", "name": "SONY WH-CH520C Wireless Bluetooth Headphones", "description": "Connectivity: Bluetooth 5.0 with multipoint pairing for seamless wireless connection.\r\nBattery Life: Up to 50 hours of wireless playback.\r\nCharging: Quick charge  3 minutes charge for 1.5 hours playback.\r\nSound: Enhanced sound with Sony's Digital Sound Enhancement Engine (DSEE).\r\nDesign: Lightweight design with adjustable headband and cushioned ear cups for comfort.\r\nFeatures: Built-in microphone and on-ear controls for calls, music, and voice assistant.\r\nColour: Beige.", "price": "59.99", "rating": "4.70", "image_url": null, "image": "SONY_WH-CH520C_Wireless_Bluetooth_Headphones_-_Beige.webp"}}, {"model": "products.product", "pk": 213, "fields": {"category": 15, "sku": "SON-WHCH520W-WIRE-WH-039", "name": "SONY WH-CH520W Wireless Bluetooth Headphones", "description": "Connectivity: Bluetooth 5.0 with multipoint pairing for seamless wireless connection.\r\nBattery Life: Up to 50 hours of wireless playback.\r\nCharging: Quick charge  3 minutes of charging for 1.5 hours playback.\r\nSound: Enhanced sound with Sony's Digital Sound Enhancement Engine (DSEE).\r\nDesign: Lightweight, adjustable headband with cushioned ear cups for long-lasting comfort.\r\nFeatures: Built-in microphone and on-ear controls for calls, music, and voice assistant.\r\nColour: White.", "price": "59.99", "rating": "4.70", "image_url": null, "image": "SONY_WH-CH520W_Wireless_Bluetooth_Headphones_-_White.webp"}}, {"model": "products.product", "pk": 214, "fields": {"category": 16, "sku": "APP-20W-USBC-040", "name": "APPLE 20 W USB Type-C Power Adapter", "description": "Power Output: 20 W fast charging via USB Type-C.\r\nCompatibility: Works with iPhone, iPad, and other USB Type-C enabled devices.\r\nDesign: Compact and lightweight for easy portability.\r\nCharging: Supports fast charging for iPhone 8 and later models.\r\nSafety: Built-in protection against overcharging and overheating.\r\nColour: White.", "price": "19.99", "rating": "4.90", "image_url": null, "image": "APPLE_20_W_USB_Type-C_Power_Adapter.webp"}}, {"model": "products.product", "pk": 215, "fields": {"category": 16, "sku": "APP-LIGHT-USB-041", "name": "APPLE Lightning to USB Adapter", "description": "Compatibility: Connects iPhone, iPad, or iPod with Lightning connector to USB devices.\r\nUse: Supports syncing and charging with USB-enabled devices.\r\nDesign: Compact, lightweight, and portable.\r\nFeatures: Ideal for transferring photos, videos, and files between Apple devices and USB storage.\r\nDurability: Built for long-lasting use with high-quality materials.\r\nColour: White.", "price": "29.99", "rating": "4.80", "image_url": null, "image": "APPLE_Lightning_to_USB_Adapter.webp"}}, {"model": "products.product", "pk": 216, "fields": {"category": 16, "sku": "BEL-DUAL24W-CAR-042", "name": "BELKIN Dual 24 W USB Car Charger", "description": "Power Output: 24 W total (12 W per USB port), fast charging for two devices simultaneously.\r\nCompatibility: Works with smartphones, tablets, and other USB-powered devices.\r\nDesign: Compact and durable, perfect for in-car charging.\r\nSafety: Built-in protection against overcharging and overheating.\r\nFeatures: Dual USB ports for charging multiple devices at once.\r\nColour: Black.", "price": "24.99", "rating": "4.70", "image_url": null, "image": "BELKIN_Dual_24_W_USB_Car_Charger.webp"}}, {"model": "products.product", "pk": 217, "fields": {"category": 16, "sku": "BEL-F7U080BT-USB-C-043", "name": "BELKIN F7U080btBLK Dual USB-C Aux and Charge Adapter", "description": "Compatibility: Designed for devices with USB-C ports, perfect for smartphones and tablets.\r\nDual Functionality: Supports simultaneous audio playback and fast charging via two USB-C ports.\r\nPower Output: Up to 60 W Power Delivery for rapid charging.\r\nDesign: Slim, portable, and durable design for easy use on the go.\r\nAudio: High-quality digital audio pass-through for lossless sound.\r\nColour: Black.", "price": "34.99", "rating": "4.60", "image_url": null, "image": "BELKIN_F7U080btBLK_Dual_USB-C_Aux_and_Charge_Adapter.webp"}}, {"model": "products.product", "pk": 218, "fields": {"category": 17, "sku": "APP-IMAC24-M3-512-SLV-044", "name": "APPLE iMac 4.5K 24 (2023) - M3, 512 GB SSD", "description": "Display: 24\" Retina 4.5K display with P3 wide color gamut and True Tone technology.\r\nProcessor: Apple M3 chip for powerful and efficient performance.\r\nStorage: 512 GB SSD for fast load times and ample storage.\r\nMemory: 8 GB unified memory, expandable options available.\r\nGraphics: Integrated GPU for smooth graphics rendering and video editing.\r\nConnectivity: 2 Thunderbolt/USB 4 ports, 2 USB 3 ports, and Gigabit Ethernet.\r\nDesign: Sleek, ultra-thin profile in Silver.\r\nOS: macOS Ventura for a seamless, intuitive user experience.\r\nColour: Silver.", "price": "1699.99", "rating": "5.00", "image_url": null, "image": "APPLE_iMac_4.5K_24_2023_-_M3_512_GB_SSD_Silver.webp"}}, {"model": "products.product", "pk": 219, "fields": {"category": 17, "sku": "ASUS-A3402WVAK-I5-1TB-WH-045", "name": "ASUS A3402WVAK-WPC127W 23.8 All-in-One PC - Intel Core 5, 1 TB SSD", "description": "Display: 23.8\" Full HD display with wide viewing angles and vibrant colours.\r\nProcessor: Intel Core i5 for smooth multitasking and performance.\r\nStorage: 1 TB SSD for fast storage and quick boot times.\r\nMemory: 8 GB RAM, ideal for daily computing and light gaming.\r\nGraphics: Integrated Intel UHD Graphics for crisp visuals.\r\nConnectivity: Multiple USB ports, HDMI, and Bluetooth 5.0.\r\nDesign: Sleek all-in-one design in white, with a slim bezel.\r\nOperating System: Windows 11 Home pre-installed for an optimized experience.\r\nColour: White", "price": "899.99", "rating": "4.80", "image_url": null, "image": "ASUS_A3402WVAK-WPC127W_23.8_All-in-One_PC_-_Intel_Core_5_1_TB_SSD_White.webp"}}, {"model": "products.product", "pk": 220, "fields": {"category": 17, "sku": "HP-24CB1002NA-I5-512SSD-WH-046", "name": "HP 24-cb1002na 23.8 All-in-One PC - Intel Core i5, 512 GB SSD", "description": "Display: 23.8\" Full HD display with anti-glare technology for vibrant visuals.\r\nProcessor: Intel Core i5 for powerful performance and smooth multitasking.\r\nStorage: 512 GB SSD for fast boot times and quick data access.\r\nMemory: 8 GB RAM, perfect for everyday computing tasks.\r\nGraphics: Integrated Intel UHD Graphics for smooth video playback and casual gaming.\r\nConnectivity: USB 3.1, HDMI, and Bluetooth 5.0 for versatile connectivity.\r\nDesign: Stylish all-in-one design with a slim profile and clean white finish.\r\nOperating System: Windows 11 Home pre-installed.\r\nColour: White.", "price": "849.99", "rating": "4.70", "image_url": null, "image": "HP_24-cb1002na_23.8_All-in-One_PC_-_Intel_Core_i5_512_GB_SSD_White.webp"}}, {"model": "products.product", "pk": 221, "fields": {"category": 18, "sku": "BEA-SOLO-BUDS-STG-047", "name": "BEATS Solo Buds Wireless Bluetooth Earbuds", "description": "Connectivity: Bluetooth 5.0 for seamless wireless pairing.\r\nBattery Life: Up to 8 hours of listening time on a single charge, with 24 hours using the charging case.\r\nFast Fuel: 5-minute charge provides 1 hour of playback.\r\nSound: Rich, high-quality sound with balanced bass and treble.\r\nDesign: Lightweight, ergonomic fit for all-day comfort.\r\nFeatures: Integrated controls for music, calls, and voice assistant.\r\nWater Resistance: Sweat and water-resistant (IPX4 rating) for active use.\r\nColour: Storm Grey.", "price": "149.99", "rating": "4.70", "image_url": null, "image": "BEATS_Solo_Buds_Wireless_Bluetooth_Earbuds_-_Storm_Grey.webp"}}, {"model": "products.product", "pk": 222, "fields": {"category": 18, "sku": "JLAB-GOPOP-LIL-048", "name": "JLAB GO Air POP Wireless Bluetooth Earbuds", "description": "Connectivity: Bluetooth 5.1 for easy, stable wireless connection.\r\nBattery Life: Up to 8 hours of listening time, with 32 hours using the charging case.\r\nCharging: Integrated charging cable for convenience.\r\nSound: Custom EQ3 sound settings for balanced audio quality.\r\nDesign: Lightweight and compact with a comfortable in-ear fit.\r\nFeatures: Touch controls for music, calls, and voice assistant.\r\nWater Resistance: IPX4 rating for sweat and water resistance.\r\nColour: Lilac.", "price": "19.99", "rating": "4.60", "image_url": null, "image": "JLAB_GO_Air_POP_Wireless_Bluetooth_Earbuds_-_Lilac.webp"}}, {"model": "products.product", "pk": 223, "fields": {"category": 18, "sku": "JLAB-GOPOP-SLT-049", "name": "JLAB GO Air POP Wireless Bluetooth Earbuds", "description": "Connectivity: Bluetooth 5.1 for a stable wireless connection.\r\nBattery Life: Up to 8 hours of listening time, with a total of 32 hours using the charging case.\r\nCharging: Built-in charging cable for added convenience.\r\nSound: Custom EQ3 sound settings for balanced audio performance.\r\nDesign: Lightweight, compact design with a snug in-ear fit.\r\nFeatures: Touch controls for music, calls, and voice assistant.\r\nWater Resistance: IPX4 rated for sweat and water resistance.\r\nColour: Slate.", "price": "19.99", "rating": "4.60", "image_url": null, "image": "JLAB_GO_Air_POP_Wireless_Bluetooth_Earbuds_-_Slate.webp"}}, {"model": "products.product", "pk": 224, "fields": {"category": 18, "sku": "JLAB-GOPOP-TEAL-050", "name": "JLAB GO Air POP Wireless Bluetooth Earbuds", "description": "Connectivity: Bluetooth 5.1 for a stable wireless connection.\r\nBattery Life: Up to 8 hours of listening time, with a total of 32 hours using the charging case.\r\nCharging: Integrated charging cable for added convenience.\r\nSound: Custom EQ3 sound settings for optimized audio quality.\r\nDesign: Lightweight, compact, and ergonomic in-ear fit.\r\nFeatures: Touch controls for music, calls, and voice assistant.\r\nWater Resistance: IPX4 rated for sweat and water resistance.\r\nColour: Teal.", "price": "19.99", "rating": "4.80", "image_url": null, "image": "JLAB_GO_Air_POP_Wireless_Bluetooth_Earbuds_-_Teal.webp"}}, {"model": "products.product", "pk": 225, "fields": {"category": 19, "sku": "ACER-N50-650-I5-RTX4060-051", "name": "ACER Nitro N50-650 Gaming PC - Intel Core i5, RTX 4060, 1 TB SSD", "description": "Processor: Intel Core i5-12400F for fast and efficient gaming performance.\r\nGraphics: NVIDIA GeForce RTX 4060 with ray tracing and AI-enhanced graphics.\r\nStorage: 1 TB SSD for lightning-fast load times and ample storage space.\r\nMemory: 16 GB DDR4 RAM, ideal for multitasking and heavy gaming.\r\nCooling: Advanced cooling system for optimal performance during intense gameplay.\r\nConnectivity: Multiple USB 3.1 ports, HDMI, DisplayPort, and Gigabit Ethernet.\r\nDesign: Sleek and aggressive design with RGB lighting for a true gaming aesthetic.\r\nOperating System: Windows 11 Home pre-installed.\r\nColour: Black.", "price": "1199.99", "rating": "4.80", "image_url": null, "image": "ACER_Nitro_N50-650_Gaming_PC_-_Intel_Core_i5_RTX_4060_1_TB_SSD.webp"}}, {"model": "products.product", "pk": 226, "fields": {"category": 19, "sku": "HP-OMEN-25L-I5-4060TI-052", "name": "HP OMEN 25L Gaming Desktop PC, RTX 4060 Ti 8GB, Intel Core i5, 16GB DDR5 RAM, 1TB SSD", "description": "Processor: Intel Core i5-13400F for smooth, high-performance gaming.\r\nGraphics: NVIDIA GeForce RTX 4060 Ti 8GB for ultra-realistic visuals and ray tracing support.\r\nStorage: 1 TB SSD for fast boot-up and plenty of storage for games and media.\r\nMemory: 16 GB DDR5 RAM, perfect for multitasking and demanding games.\r\nCooling: Enhanced cooling system to maintain performance during intensive gaming sessions.\r\nConnectivity: Multiple USB ports, HDMI, DisplayPort, and Gigabit Ethernet for versatile connectivity.\r\nDesign: Sleek, compact case with RGB lighting and a transparent side panel for a premium look.\r\nOperating System: Windows 11 Home pre-installed for a modern gaming experience.\r\nColour: Black.", "price": "1499.99", "rating": "4.90", "image_url": null, "image": "HP_OMEN_25L_Gaming_Desktop_PC_RTX_4060_Ti_8GB_Intel_Core_i5_16GB_DDR5_RAM_1TB_SSD.webp"}}, {"model": "products.product", "pk": 227, "fields": {"category": 19, "sku": "HP-VICTUS-15L-R5-3050-053", "name": "HP Victus 15L Gaming Desktop PC, AMD Ryzen 5, RTX 3050 8GB", "description": "Processor: AMD Ryzen 5 5600G for solid performance and multitasking capabilities.\r\nGraphics: NVIDIA GeForce RTX 3050 8GB for smooth gameplay with real-time ray tracing.\r\nStorage: 512GB SSD for fast load times and reliable storage.\r\nMemory: 8GB DDR4 RAM, great for gaming and general use.\r\nCooling: Optimized thermal design to maintain performance during extended gaming sessions.\r\nConnectivity: Multiple USB ports, HDMI, DisplayPort, and Gigabit Ethernet.\r\nDesign: Compact case with a clean, modern look, perfect for any setup.\r\nOperating System: Windows 11 Home pre-installed for an up-to-date gaming experience.\r\nColour: Black.", "price": "999.99", "rating": "4.60", "image_url": null, "image": "HP_Victus_15L_Gaming_Desktop_PC_AMD_Ryzen_5_RTX_3050_8GB_512GB_SSD.webp"}}, {"model": "products.product", "pk": 228, "fields": {"category": 20, "sku": "GOO-PIX7PRO-128-HZL-054", "name": "GOOGLE Pixel 7 Pro - 128 GB, Hazel", "description": "Display: 6.7\" QHD+ OLED with 120Hz refresh rate for ultra-smooth scrolling.\r\nProcessor: Google Tensor G2 chip for enhanced performance and AI capabilities.\r\nStorage: 128 GB internal storage, ample space for apps, media, and files.\r\nCamera: Triple rear camera system with 50MP wide, 48MP telephoto, and 12MP ultra-wide lenses for stunning photography.\r\nBattery: 5000mAh with fast charging and wireless charging support.\r\nOperating System: Android 13 with exclusive Pixel features.\r\nConnectivity: 5G, Wi-Fi 6E, Bluetooth 5.2, and USB Type-C.\r\nDesign: Sleek, premium build in Hazel colour.", "price": "849.99", "rating": "4.80", "image_url": null, "image": "GOOGLE_Pixel_7_Pro_-_128_GB_Hazel.webp"}}, {"model": "products.product", "pk": 229, "fields": {"category": 20, "sku": "GOO-PIX8-128-OBS-055", "name": "GOOGLE Pixel 8 - 128 GB, Obsidian", "description": "Display: 6.2\" OLED with a 120Hz refresh rate for smooth and vibrant visuals.\r\nProcessor: Google Tensor G3 chip for lightning-fast performance and advanced AI.\r\nStorage: 128 GB internal storage for apps, photos, and files.\r\nCamera: Dual rear camera setup with 50MP wide and 12MP ultra-wide lenses for sharp, detailed photos.\r\nBattery: 4500mAh with fast charging and wireless charging support.\r\nOperating System: Android 14 with the latest Google Pixel features and updates.\r\nConnectivity: 5G, Wi-Fi 6E, Bluetooth 5.3, and USB Type-C.\r\nDesign: Premium build with a sleek Obsidian finish.", "price": "699.99", "rating": "4.90", "image_url": null, "image": "GOOGLE_Pixel_8_-_128_GB_Obsidian.webp"}}, {"model": "products.product", "pk": 230, "fields": {"category": 20, "sku": "GOO-PIX8-256-HZL-056", "name": "GOOGLE Pixel 8 - 256 GB, Hazel", "description": "Display: 6.2\" OLED with a 120Hz refresh rate for smooth scrolling and sharp visuals.\r\nProcessor: Google Tensor G3 chip for fast performance and AI-powered features.\r\nStorage: 256 GB internal storage for apps, media, and files.\r\nCamera: Dual rear camera system featuring 50MP wide and 12MP ultra-wide lenses for stunning photos.\r\nBattery: 4500mAh with fast charging and wireless charging support.\r\nOperating System: Android 14 with exclusive Google Pixel software features.\r\nConnectivity: 5G, Wi-Fi 6E, Bluetooth 5.3, and USB Type-C.\r\nDesign: Premium build in Hazel finish, combining style and durability.", "price": "749.99", "rating": "4.90", "image_url": null, "image": "GOOGLE_Pixel_8_-_256_GB_Hazel.webp"}}, {"model": "products.product", "pk": 231, "fields": {"category": 20, "sku": "GOO-PIX8-256-OBS-057", "name": "GOOGLE Pixel 8 - 256 GB, Obsidian", "description": "Display: 6.2\" OLED with 120Hz refresh rate for smooth and sharp visuals.\r\nProcessor: Google Tensor G3 chip for high-speed performance and advanced AI capabilities.\r\nStorage: 256 GB internal storage for all your apps, photos, and media.\r\nCamera: Dual rear camera system with 50MP wide and 12MP ultra-wide lenses for stunning, detailed shots.\r\nBattery: 4500mAh battery with fast charging and wireless charging support.\r\nOperating System: Android 14 with exclusive Pixel features and latest updates.\r\nConnectivity: 5G, Wi-Fi 6E, Bluetooth 5.3, and USB Type-C.\r\nDesign: Sleek, durable design in a premium Obsidian finish.", "price": "749.99", "rating": "4.90", "image_url": null, "image": "GOOGLE_Pixel_8_-_256_GB_Obsidian.webp"}}, {"model": "products.product", "pk": 232, "fields": {"category": 20, "sku": "GOO-PIX8-256-ROSE-058", "name": "GOOGLE Pixel 8 - 256 GB, Rose", "description": "Display: 6.2\" OLED with 120Hz refresh rate for fluid visuals and vibrant colors.\r\nProcessor: Google Tensor G3 chip for fast, efficient performance and advanced AI capabilities.\r\nStorage: 256 GB internal storage for apps, photos, and media.\r\nCamera: Dual rear camera setup with 50MP wide and 12MP ultra-wide lenses for stunning photography.\r\nBattery: 4500mAh with fast charging and wireless charging support.\r\nOperating System: Android 14 with the latest Pixel-exclusive features.\r\nConnectivity: 5G, Wi-Fi 6E, Bluetooth 5.3, and USB Type-C.\r\nDesign: Premium design in Rose finish, combining elegance with durability.", "price": "749.99", "rating": "4.90", "image_url": null, "image": "GOOGLE_Pixel_8_-_256_GB_Rose.webp"}}, {"model": "products.product", "pk": 233, "fields": {"category": 20, "sku": "GOO-PIX9-256-PORC-059", "name": "GOOGLE Pixel 9 - 256 GB, Porcelain", "description": "Display: 6.4\" OLED with a 120Hz refresh rate for ultra-smooth scrolling and vivid visuals.\r\nProcessor: Google Tensor G4 chip for powerful performance and enhanced AI features.\r\nStorage: 256 GB internal storage, perfect for storing apps, media, and files.\r\nCamera: Dual rear camera system with 50MP wide and 12MP ultra-wide lenses for superior photography.\r\nBattery: 4700mAh with fast charging and wireless charging capabilities.\r\nOperating System: Android 15 with the latest Google Pixel features and updates.\r\nConnectivity: 5G, Wi-Fi 7, Bluetooth 5.4, and USB Type-C.\r\nDesign: Sleek and premium build in a stylish Porcelain finish.", "price": "799.99", "rating": "4.90", "image_url": null, "image": "GOOGLE_Pixel_9_-_256_GB_Porcelain.webp"}}, {"model": "products.product", "pk": 234, "fields": {"category": 21, "sku": "SONY-HTA8000-11.0-060", "name": "SONY BRAVIA Theatre Bar 8 (HT-A8000) 11.0 Sound Bar with Dolby Atmos", "description": "Audio: 11.0 channel surround sound for immersive audio experience.\r\nDolby Atmos: 3D surround sound with precise spatial audio positioning.\r\nCompatibility: Works seamlessly with BRAVIA TVs for integrated sound and picture experience.\r\nSound Features: Built-in subwoofers and up-firing speakers for deep bass and expansive soundscapes.\r\nConnectivity: HDMI eARC, Bluetooth, Wi-Fi, USB, and optical input.\r\nSmart Features: Voice control compatibility with Google Assistant and Alexa.\r\nDesign: Sleek, minimalist design that complements any living room setup.\r\nColour: Black.", "price": "1199.99", "rating": "4.90", "image_url": null, "image": "SONY_BRAVIA_Theatre_Bar_8_HT-A8000_11.0_Sound_Bar_with_Dolby_Atmos.webp"}}, {"model": "products.product", "pk": 235, "fields": {"category": 21, "sku": "SONY-HTA9000-13.0-061", "name": "SONY BRAVIA Theatre Bar 9 (HT-A9000) 13.0 Sound Bar with Dolby Atmos", "description": "Audio: 13.0 channel surround sound for an exceptional, immersive home theatre experience.\r\nDolby Atmos: Advanced 3D sound with precise spatial audio for cinematic soundscapes.\r\nCompatibility: Perfectly integrates with SONY BRAVIA TVs for synchronized audio-visual performance.\r\nSound Features: Dual subwoofers and up-firing speakers, delivering rich bass and dynamic sound.\r\nConnectivity: HDMI eARC, Bluetooth, Wi-Fi, USB, and optical input for versatile connectivity.\r\nSmart Features: Voice control support with Google Assistant and Amazon Alexa for hands-free operation.\r\nDesign: Sleek, modern design with a premium finish that enhances any living space.\r\nColour: Black.", "price": "1499.99", "rating": "5.00", "image_url": null, "image": "SONY_BRAVIA_Theatre_Bar_9_HT-A9000_13.0_Sound_Bar_with_Dolby_Atmos.webp"}}, {"model": "products.product", "pk": 236, "fields": {"category": 21, "sku": "SONY-HTA9M2-4.0.4-GRY-062", "name": "SONY BRAVIA Theatre Quad (HTA9M2) 4.0.4 Home Cinema System", "description": "Audio: 4.0.4 channel surround sound for a powerful and immersive cinematic experience.\r\nDolby Atmos: Advanced 3D surround sound with upward-firing speakers for lifelike spatial audio.\r\nSound Features: Four independent speakers with dual subwoofers for deep bass and balanced sound.\r\nCompatibility: Works seamlessly with BRAVIA TVs for a synchronized sound and visual experience.\r\nConnectivity: HDMI eARC, Bluetooth, Wi-Fi, and optical inputs for versatile device connections.\r\nSmart Features: Voice assistant compatibility with Google Assistant and Amazon Alexa for hands-free control.\r\nDesign: Elegant and minimalist design in a sleek grey finish, ideal for modern home setups.\r\nColour: Grey.", "price": "1799.99", "rating": "5.00", "image_url": null, "image": "SONY_BRAVIA_Theatre_Quad_HTA9M2_4.0.4_Home_Cinema_System_with_Dolby_Atmos_-_Grey.webp"}}, {"model": "products.product", "pk": 237, "fields": {"category": 21, "sku": "SONY-HTAN7-NECKBAND-BLK-063", "name": "SONY BRAVIA Theatre U (HTAN7) Neckband with Dolby Atmos - Black", "description": "Audio: Dolby Atmos technology for immersive surround sound experience directly from a neckband.\r\nComfort: Ergonomically designed for long-lasting comfort with a lightweight build.\r\nSound Features: Upward-firing speakers for precise spatial audio, simulating 3D soundscapes.\r\nConnectivity: Bluetooth 5.2 for seamless wireless audio streaming and low-latency listening.\r\nBattery Life: Up to 12 hours of playback on a single charge with fast charging support.\r\nVoice Assistant: Compatible with Google Assistant and Amazon Alexa for hands-free control.\r\nDesign: Sleek and modern design in black, perfect for personal audio without disturbing others.\r\nColour: Black.", "price": "249.99", "rating": "4.80", "image_url": null, "image": "SONY_BRAVIA_Theatre_U_HTAN7_Neckband_with_Dolby_Atmos_-_Black.webp"}}, {"model": "products.product", "pk": 238, "fields": {"category": 21, "sku": "SONY-HTAX7-2.1-LGRY-064", "name": "SONY HT-AX7 2.1 Portable Theatre System", "description": "Audio: 2.1 channel portable theatre system for rich, cinematic sound.\r\nSound Features: Built-in subwoofer for deep bass and immersive audio.\r\nPortability: Compact and portable design, perfect for on-the-go entertainment.\r\nConnectivity: Bluetooth 5.1 for easy wireless connection with low latency.\r\nBattery Life: Up to 30 hours of playback on a full charge, ideal for extended use.\r\nDolby Atmos: Supports spatial sound for an enhanced home theatre experience.\r\nDesign: Lightweight, minimalist design in a sleek light grey finish.\r\nColour: Light Grey.", "price": "399.99", "rating": "4.70", "image_url": null, "image": "SONY_HT-AX7_2.1_Portable_Theatre_System_-_Light_Grey.webp"}}, {"model": "products.product", "pk": 239, "fields": {"category": 22, "sku": "APP-IPAD-10.2-2021-64-SGRY-065", "name": "APPLE 10.2 iPad (2021) - 64 GB", "description": "Display: 10.2\" Retina Display for vibrant and sharp visuals.\r\nProcessor: A13 Bionic chip for smooth performance and multitasking.\r\nStorage: 64 GB internal storage, ideal for apps, photos, and media.\r\nCamera: 8MP rear camera and 12MP ultra-wide front camera with Center Stage for better video calls.\r\nBattery: All-day battery life with up to 10 hours of usage on a single charge.\r\nOperating System: iPadOS 15 with powerful features for creativity and productivity.\r\nConnectivity: Wi-Fi, Bluetooth 4.2, and Lightning connector.\r\nDesign: Sleek and lightweight, with a durable aluminum body in Space Grey.", "price": "319.99", "rating": "4.80", "image_url": null, "image": "APPLE_10.2_iPad_2021_-_64_GB_Space_Grey_DLy6TkN.webp"}}, {"model": "products.product", "pk": 240, "fields": {"category": 22, "sku": "APP-IPAD-10.9-2022-256-BLU-066", "name": "APPLE 10.9 iPad (2022) - 256 GB", "description": "Display: 10.9\" Liquid Retina display with True Tone for vibrant and clear visuals.\r\nProcessor: A14 Bionic chip for fast performance and efficient multitasking.\r\nStorage: 256 GB internal storage, perfect for apps, games, photos, and media.\r\nCamera: 12MP ultra-wide front and rear cameras for sharp photos and video calls.\r\nBattery: All-day battery life with up to 10 hours of usage on a single charge.\r\nOperating System: iPadOS 16 with advanced features for productivity and creativity.\r\nConnectivity: Wi-Fi 6, Bluetooth 5.0, and USB-C for fast data transfers.\r\nDesign: Sleek, lightweight design with a durable aluminum body in a vibrant Blue finish.", "price": "549.99", "rating": "4.90", "image_url": null, "image": "APPLE_10.9_iPad_2022_-_256_GB_Silver.webp"}}, {"model": "products.product", "pk": 241, "fields": {"category": 22, "sku": "APP-IPAD-AIR-10.9-2022-64-SGRY-067", "name": "APPLE 10.9 iPad Air (2022) - 64 GB", "description": "Display: 10.9\" Liquid Retina display with True Tone and P3 wide color for stunning visuals.\r\nProcessor: M1 chip for exceptional performance and graphics.\r\nStorage: 64 GB internal storage, ideal for apps, media, and files.\r\nCamera: 12MP rear camera and 12MP ultra-wide front camera with Center Stage for video calls.\r\nBattery: Up to 10 hours of battery life, perfect for all-day usage.\r\nOperating System: iPadOS 16 with powerful productivity features.\r\nConnectivity: Wi-Fi 6, Bluetooth 5.0, and USB-C for fast charging and data transfer.\r\nDesign: Lightweight, sleek, and durable aluminum body in Space Grey.", "price": "569.99", "rating": "4.80", "image_url": null, "image": "APPLE_10.9_iPad_Air_2022_-_64_GB_Space_Grey_SUTnd90.webp"}}, {"model": "products.product", "pk": 242, "fields": {"category": 22, "sku": "APP-MAC-AIR-13.6-2022-M2-256-MID-068", "name": "APPLE MacBook Air 13.6 2022 - M2 256 GB SSD Midnight", "description": "Display: 13.6\" Liquid Retina display with True Tone for vibrant and detailed visuals.\r\nProcessor: Apple M2 chip for powerful performance and energy efficiency.\r\nStorage: 256 GB SSD for fast storage and quick boot times.\r\nMemory: 8 GB unified memory for smooth multitasking and app performance.\r\nBattery: Up to 18 hours of battery life on a single charge.\r\nCamera: 1080p FaceTime HD camera for high-quality video calls.\r\nOperating System: macOS Monterey, optimized for the M2 chip.\r\nConnectivity: MagSafe 3 charging, 2x Thunderbolt/USB 4 ports, and a headphone jack.\r\nDesign: Ultra-slim and lightweight design with a durable aluminum body in Midnight finish.", "price": "1149.99", "rating": "4.90", "image_url": null, "image": "APPLE_MacBook_Air_13.6_2022_-_M2_256_GB_SSD_Midnight.webp"}}, {"model": "products.product", "pk": 243, "fields": {"category": 22, "sku": "ASUS-VIVO-S5506MA-15.6-U9-1TB-BLU-069", "name": "ASUS Vivobook S 15 S5506MA 15.6 Laptop - Intel Core Ultra 9, 1 TB SSD", "description": "Display: 15.6\" Full HD display for clear and crisp visuals.\r\nProcessor: Intel Core Ultra 9 for fast and powerful performance.\r\nStorage: 1 TB SSD for lightning-fast boot times and ample storage.\r\nMemory: 16 GB DDR5 RAM for seamless multitasking and smooth performance.\r\nGraphics: Intel Iris Xe graphics for everyday gaming and graphic tasks.\r\nBattery: Up to 12 hours of battery life on a single charge.\r\nOperating System: Windows 11 Home for enhanced productivity and performance.\r\nConnectivity: Wi-Fi 6, Bluetooth 5.2, USB-C, USB-A, HDMI, and headphone jack.\r\nDesign: Stylish and slim design with a durable aluminum chassis in a striking Blue finish.", "price": "1299.99", "rating": "4.70", "image_url": null, "image": "ASUS_Vivobook_S_15_S5506MA_15.6_Laptop_-_Intel_Core_Ultra_9_1_TB_SSD_Blue.webp"}}, {"model": "products.product", "pk": 244, "fields": {"category": 22, "sku": "ASUS-ZEN-S14-14-U9-1TB-WHT-070", "name": "ASUS Zenbook S 14 14 Laptop  Intel Core Ultra 9, 1 TB SSD", "description": "Display: 14\" OLED display with stunning 2.8K resolution for vibrant visuals.\r\nProcessor: Intel Core Ultra 9 for exceptional speed and performance.\r\nStorage: 1 TB SSD for quick boot times and ample storage capacity.\r\nMemory: 16 GB DDR5 RAM for smooth multitasking and efficient workflows.\r\nGraphics: Intel Iris Xe graphics for sharp images and enhanced productivity.\r\nBattery: Long-lasting battery with up to 15 hours of usage on a single charge.\r\nOperating System: Windows 11 Home for a seamless and productive user experience.\r\nConnectivity: Wi-Fi 6E, Bluetooth 5.3, USB-C, USB-A, and HDMI ports.\r\nDesign: Ultra-slim and lightweight design in a sleek White finish, with an eco-friendly build.", "price": "1499.99", "rating": "4.80", "image_url": null, "image": "ASUS_Zenbook_S_14_14_Laptop__Intel_Core_Ultra_9_1_TB_SSD_White.webp"}}, {"model": "products.product", "pk": 245, "fields": {"category": 22, "sku": "HP-15A-NB0502SA-15-CHRM-I3-128-SLV-071", "name": "HP 15a-nb0502sa 15. Chromebook Plus - Intel Core i3, 128 GB SSD,", "description": "Display: 15.6\" Full HD touchscreen display for crisp visuals and intuitive navigation.\r\nProcessor: Intel Core i3 for reliable everyday performance.\r\nStorage: 128 GB SSD for fast boot times and quick access to files.\r\nMemory: 8 GB RAM for smooth multitasking and efficient operations.\r\nBattery: Up to 10 hours of battery life, perfect for all-day use.\r\nOperating System: Chrome OS with access to Android apps and Google services.\r\nConnectivity: Wi-Fi 6, Bluetooth 5.0, USB-C, USB-A, and HDMI ports.\r\nDesign: Lightweight and slim design with a sleek Silver finish, ideal for on-the-go productivity.", "price": "499.99", "rating": "4.60", "image_url": null, "image": "HP_15a-nb0502sa_15._Chromebook_Plus_-_Intel_Core_i3_128_GB_SSD_Silver.webp"}}, {"model": "products.product", "pk": 246, "fields": {"category": 22, "sku": "HP-ENVY-X360-14-RYZ5-512-SLV-072", "name": "HP ENVY x360 14 2 in 1 Laptop - AMD Ryzen 5, 512 GB SSD", "description": "Display: 14\" Full HD touchscreen with 360 hinge, perfect for use in laptop, tablet, or tent modes.\r\nProcessor: AMD Ryzen 5 for fast and smooth performance.\r\nStorage: 512 GB SSD for quick boot times and ample storage for files and apps.\r\nMemory: 8 GB RAM for seamless multitasking and productivity.\r\nGraphics: Integrated AMD Radeon Graphics for sharp visuals.\r\nBattery: Up to 13 hours of battery life, ideal for on-the-go use.\r\nOperating System: Windows 11 Home for a modern and efficient user experience.\r\nConnectivity: Wi-Fi 6, Bluetooth 5.0, USB-C, USB-A, HDMI ports, and fingerprint reader.\r\nDesign: Sleek, lightweight, and versatile design in a stylish Silver finish.", "price": "849.99", "rating": "4.70", "image_url": null, "image": "HP_ENVY_x360_14_2_in_1_Laptop_-_AMD_Ryzen_5_512_GB_SSD_Silver.webp"}}, {"model": "products.product", "pk": 247, "fields": {"category": 22, "sku": "HP-PAV-16-AG0508SA-RYZ5-512-SBLU-073", "name": "HP Pavilion 16-ag0508sa 16 Laptop - AMD Ryzen 5, 512 GB SSD", "description": "Display: 16.1\" Full HD display for immersive and sharp visuals.\r\nProcessor: AMD Ryzen 5 for efficient performance in everyday tasks and multitasking.\r\nStorage: 512 GB SSD for fast boot times and ample storage for apps, files, and media.\r\nMemory: 8 GB RAM for smooth multitasking and enhanced productivity.\r\nGraphics: Integrated AMD Radeon Graphics for great visual performance.\r\nBattery: Up to 9 hours of battery life, perfect for all-day use.\r\nOperating System: Windows 11 Home for a user-friendly and modern experience.\r\nConnectivity: Wi-Fi 6, Bluetooth 5.0, USB-C, USB-A, and HDMI ports for versatile connectivity.\r\nDesign: Slim and stylish design in a unique Sky Blue finish.", "price": "799.99", "rating": "4.60", "image_url": null, "image": "HP_Pavilion_16-ag0508sa_16_Laptop_-_AMD_Ryzen_5_512_GB_SSD_Sky_Blue.webp"}}, {"model": "checkout.order", "pk": 1, "fields": {"order_reference": "D427B438", "user_profile": 1, "full_name": "test", "email": "george.okwori@outlook.com", "phone_number": "1235411", "country": "GB", "postcode": "cf11 8fw", "town_or_city": "anywhere", "street_address1": "anywhere", "street_address2": "", "county": "anywhere", "date": "2024-09-11", "order_total": "0.00", "delivery_cost": "0.00", "grand_total": "0.00"}}, {"model": "checkout.order", "pk": 2, "fields": {"order_reference": "BC10E624", "user_profile": 1, "full_name": "test", "email": "george.okwori@outlook.com", "phone_number": "1235411", "country": "GB", "postcode": "cf11 8fw", "town_or_city": "anywhere", "street_address1": "anywhere", "street_address2": "", "county": "anywhere", "date": "2024-09-11", "order_total": "0.00", "delivery_cost": "0.00", "grand_total": "0.00"}}, {"model": "checkout.order", "pk": 3, "fields": {"order_reference": "0851DD7C", "user_profile": 1, "full_name": "test", "email": "george.okwori@outlook.com", "phone_number": "1235411", "country": "GB", "postcode": "cf11 8fw", "town_or_city": "anywhere", "street_address1": "anywhere", "street_address2": "", "county": "anywhere", "date": "2024-09-11", "order_total": "0.00", "delivery_cost": "0.00", "grand_total": "0.00"}}, {"model": "checkout.order", "pk": 4, "fields": {"order_reference": "57B8F1D3", "user_profile": 1, "full_name": "test", "email": "george.okwori@outlook.com", "phone_number": "1235411", "country": "GB", "postcode": "cf11 8fw", "town_or_city": "anywhere", "street_address1": "anywhere", "street_address2": "", "county": "anywhere", "date": "2024-09-11", "order_total": "0.00", "delivery_cost": "0.00", "grand_total": "0.00"}}, {"model": "checkout.order", "pk": 5, "fields": {"order_reference": "F6E64FA7", "user_profile": 1, "full_name": "4rqd", "email": "george.okwori@outlook.com", "phone_number": "1235411", "country": "GB", "postcode": "cf11 8fw", "town_or_city": "anywhere", "street_address1": "anywhere", "street_address2": "", "county": "anywhere", "date": "2024-09-11", "order_total": "0.00", "delivery_cost": "0.00", "grand_total": "0.00"}}, {"model": "checkout.order", "pk": 6, "fields": {"order_reference": "8C961C49", "user_profile": 1, "full_name": "test", "email": "george.okwori@outlook.com", "phone_number": "1235411", "country": "GB", "postcode": "cf11 8fw", "town_or_city": "anywhere", "street_address1": "anywhere", "street_address2": "", "county": "anywhere", "date": "2024-09-11", "order_total": "0.00", "delivery_cost": "0.00", "grand_total": "0.00"}}, {"model": "checkout.order", "pk": 7, "fields": {"order_reference": "6D976DC4", "user_profile": 1, "full_name": "test", "email": "george.okwori@outlook.com", "phone_number": "1235411", "country": "GB", "postcode": "cf11 8fw", "town_or_city": "anywhere", "street_address1": "anywhere", "street_address2": "", "county": "anywhere", "date": "2024-09-11", "order_total": "0.00", "delivery_cost": "0.00", "grand_total": "0.00"}}, {"model": "checkout.order", "pk": 8, "fields": {"order_reference": "F77B78F3", "user_profile": 1, "full_name": "test", "email": "george.okwori@outlook.com", "phone_number": "1235411", "country": "GB", "postcode": "cf11 8fw", "town_or_city": "anywhere", "street_address1": "anywhere", "street_address2": "", "county": "anywhere", "date": "2024-09-11", "order_total": "0.00", "delivery_cost": "0.00", "grand_total": "0.00"}}, {"model": "checkout.order", "pk": 9, "fields": {"order_reference": "7858601E", "user_profile": null, "full_name": "test", "email": "george.okwori@outlook.com", "phone_number": "1235411", "country": "GB", "postcode": "cf11 8fw", "town_or_city": "anywhere", "street_address1": "anywhere", "street_address2": "", "county": "anywhere", "date": "2024-09-12", "order_total": "0.00", "delivery_cost": "0.00", "grand_total": "0.00"}}, {"model": "checkout.order", "pk": 10, "fields": {"order_reference": "48D58B70", "user_profile": 1, "full_name": "test", "email": "george.okwori@outlook.com", "phone_number": "1235411", "country": "GB", "postcode": "cf11 8fw", "town_or_city": "anywhere", "street_address1": "anywhere", "street_address2": "", "county": "anywhere", "date": "2024-09-18", "order_total": "799.99", "delivery_cost": "0.00", "grand_total": "799.99"}}, {"model": "checkout.order", "pk": 11, "fields": {"order_reference": "3A80B49C", "user_profile": 1, "full_name": "test", "email": "george.okwori@outlook.com", "phone_number": "1235411", "country": "GB", "postcode": "cf11 8fw", "town_or_city": "anywhere", "street_address1": "anywhere", "street_address2": "", "county": "anywhere", "date": "2024-09-18", "order_total": "449.99", "delivery_cost": "0.00", "grand_total": "449.99"}}, {"model": "checkout.order", "pk": 12, "fields": {"order_reference": "8F0434D3", "user_profile": 1, "full_name": "test", "email": "george.okwori@outlook.com", "phone_number": "1235411", "country": "GB", "postcode": "cf11 8fw", "town_or_city": "anywhere", "street_address1": "anywhere", "street_address2": "", "county": "anywhere", "date": "2024-09-18", "order_total": "449.99", "delivery_cost": "0.00", "grand_total": "449.99"}}, {"model": "checkout.order", "pk": 13, "fields": {"order_reference": "206A5B18", "user_profile": 1, "full_name": "Test", "email": "george.okwori@outlook.com", "phone_number": "1235411", "country": "GB", "postcode": "cf11 8fw", "town_or_city": "anywhere", "street_address1": "anywhere", "street_address2": "", "county": "anywhere", "date": "2024-09-18", "order_total": "799.99", "delivery_cost": "0.00", "grand_total": "799.99"}}, {"model": "checkout.order", "pk": 14, "fields": {"order_reference": "4D25451F", "user_profile": 1, "full_name": "test", "email": "george.okwori@outlook.com", "phone_number": "1235411", "country": "GB", "postcode": "cf11 8fw", "town_or_city": "anywhere", "street_address1": "anywhere", "street_address2": "", "county": "anywhere", "date": "2024-09-18", "order_total": "249.99", "delivery_cost": "25.00", "grand_total": "274.99"}}, {"model": "checkout.order", "pk": 15, "fields": {"order_reference": "0E8AF629", "user_profile": 1, "full_name": "test", "email": "george.okwori@outlook.com", "phone_number": "1235411", "country": "GB", "postcode": "cf11 8fw", "town_or_city": "anywhere", "street_address1": "anywhere", "street_address2": "", "county": "anywhere", "date": "2024-09-18", "order_total": "449.99", "delivery_cost": "0.00", "grand_total": "449.99"}}, {"model": "checkout.order", "pk": 16, "fields": {"order_reference": "F211D760", "user_profile": 1, "full_name": "test", "email": "george.okwori@outlook.com", "phone_number": "1235411", "country": "GB", "postcode": "cf11 8fw", "town_or_city": "anywhere", "street_address1": "anywhere", "street_address2": "", "county": "anywhere", "date": "2024-09-18", "order_total": "249.99", "delivery_cost": "25.00", "grand_total": "274.99"}}, {"model": "checkout.order", "pk": 17, "fields": {"order_reference": "E9177F30", "user_profile": 1, "full_name": "test", "email": "george.okwori@outlook.com", "phone_number": "1235411", "country": "GB", "postcode": "cf11 8fw", "town_or_city": "anywhere", "street_address1": "anywhere", "street_address2": "", "county": "anywhere", "date": "2024-09-18", "order_total": "249.99", "delivery_cost": "25.00", "grand_total": "274.99"}}, {"model": "checkout.order", "pk": 18, "fields": {"order_reference": "2873501A", "user_profile": 1, "full_name": "test", "email": "george.okwori@outlook.com", "phone_number": "1235411", "country": "GB", "postcode": "cf11 8fw", "town_or_city": "anywhere", "street_address1": "anywhere", "street_address2": "", "county": "anywhere", "date": "2024-09-18", "order_total": "249.99", "delivery_cost": "25.00", "grand_total": "274.99"}}, {"model": "checkout.orderlineitem", "pk": 25, "fields": {"order": 10, "product": 178, "quantity": 1, "lineitem_total": "799.99"}}, {"model": "checkout.orderlineitem", "pk": 26, "fields": {"order": 11, "product": 177, "quantity": 1, "lineitem_total": "449.99"}}, {"model": "checkout.orderlineitem", "pk": 27, "fields": {"order": 12, "product": 176, "quantity": 1, "lineitem_total": "449.99"}}, {"model": "checkout.orderlineitem", "pk": 28, "fields": {"order": 13, "product": 178, "quantity": 1, "lineitem_total": "799.99"}}, {"model": "checkout.orderlineitem", "pk": 29, "fields": {"order": 14, "product": 175, "quantity": 1, "lineitem_total": "249.99"}}, {"model": "checkout.orderlineitem", "pk": 30, "fields": {"order": 15, "product": 176, "quantity": 1, "lineitem_total": "449.99"}}, {"model": "checkout.orderlineitem", "pk": 31, "fields": {"order": 16, "product": 175, "quantity": 1, "lineitem_total": "249.99"}}, {"model": "checkout.orderlineitem", "pk": 32, "fields": {"order": 17, "product": 175, "quantity": 1, "lineitem_total": "249.99"}}, {"model": "checkout.orderlineitem", "pk": 33, "fields": {"order": 18, "product": 175, "quantity": 1, "lineitem_total": "249.99"}}, {"model": "profiles.userprofile", "pk": 1, "fields": {"user": 1, "default_phone_number": "1235411", "default_street_address1": "anywhere", "default_street_address2": null, "default_town_or_city": "anywhere", "default_county": "anywhere", "default_postcode": "cf11 8fw", "default_country": "GB"}}, {"model": "profiles.userprofile", "pk": 3, "fields": {"user": 3, "default_phone_number": null, "default_street_address1": null, "default_street_address2": null, "default_town_or_city": null, "default_county": null, "default_postcode": null, "default_country": null}}, {"model": "wishlist.wishlist", "pk": 28, "fields": {"user_profile": 1, "product": 237}}, {"model": "wishlist.wishlist", "pk": 29, "fields": {"user_profile": 1, "product": 178}}]